c657dc0bd1f822f8ff7104a1,22.83497452735901
5ab5a95be3c18dc173fdc18e,28.703132271766663
795996ed006725199e5efc0b,39.36543762683868
ff6946553173184eae036062,16.16168767213821
95e1416bf854594d6716ab25,18.73278766870498
29dbd8d2300642cfd31b4604,79.64016199111938
1d887341bdf775c49d8a0c30,65.38224816322327
77dda6054a517033716f00ff,52.14508771896362
8e4cfa2df03c1076ff189821,22.50588536262512
51846fccdf380d6f09a9699e,7.77399763464927
d6a9e1b6f405e3e061bbc394,27.15418040752411
2dd0edaf5ee6e907b6b87897,64.84789252281189
97bea51b250b322aa61f3212,79.0639340877533
22412ee63a0ce39325b7f1a9,22.54177033901214
5c0a7081614734384197a20b,23.91727417707443
e9b2261621783f80b4cb72ea,21.48699015378952
02c69da592e90fbb6f731541,62.33074069023132
d58123ff532d0ac98037bfa5,57.37840533256531
807b8bf20474fed92b2f7b2d,22.81578928232193
7a51d406a61788b58f00654b,34.68157052993774
deeda867a81f10037eaee380,39.31374549865722
5cf95b3c90b285622e516e64,50.24781823158264
8ed3496ac812389725ed2060,64.09398317337036
89d3e6cd16abec7b538e75bc,36.40228807926178
ca8e4f72fb82d5b598a0c131,9.59370583295822
5cd3f6666e7920b7ca725490,8.58836248517036
594d085d0b23f685970139d6,54.99062538146973
a89c3c861f5a57a9ade64d27,46.62513136863708
1255127ec5a5db705458c36b,65.59463143348694
f0272f04b8f0e9aeae54ec31,67.52665042877197
3d396cb13ce260fca38b7635,28.012681007385247
fae705f0a7386ce12e070228,19.082775712013238
0f805fd6742e639370f6e6e6,18.592976033687588
52a29beae465afea1dcf9bc1,67.3201322555542
2d84faf896231f94341f20ac,40.16051590442657
406eb6b2215b3e7318fac336,63.651835918426514
814151588161f46e55aa867f,48.93586933612823
72d4a0f9223d8367187b1bcf,20.30614018440246
8e98d43842f6c556ab0d579f,52.12959051132202
134164ae70296696c728d777,56.590735912323
760358d2e31daf5445893b4b,37.00149655342102
6a9057199e764484cb014bda,18.23235601186752
a64d4113468855bd15f70d16,42.7914023399353
7253b96c3236af5867f5980a,28.022712469100952
7090f27538cef83d0e073b76,30.962643027305596
8df6136ed4fd33771cf26205,8.72444584965705
eb0a454e2f81a918902ec8b6,79.29903268814087
48cc7fa1e7b72963a43caabf,43.67097914218902
0e947e60750cb377dc6a7780,36.94212436676025
5a61d6b195b7894cabf2005f,8.23385342955589
58f8fb1bd72ea866b69fc20f,78.29707860946655
6eca6856a3d488dd1ba7625d,34.191861748695366
769fdbab03f640bb04f9baff,45.73008418083191
47ab392bbbe73c87627abb5b,56.466346979141235
918e989828e9173348d712ee,25.045335292816162
440e71a59c558a99469f38b3,56.21914267539978
e78c9a7a111b79eb34662c2d,12.18592822551727
e0fcc2e69893d04370cadcd9,31.29008710384369
68a1918781a3894dc2b00ce8,78.21406722068787
eba67c42ed61380136d82a3a,37.16030716896057
148133b7eecef2eecffc4799,54.02960777282715
bf54e742997b70d8c40f51ca,44.95353400707245
12af34c2bb9f504ce93a850e,50.07229447364807
278231192ccc0b66774a8637,33.39870274066925
c66c9f875760b1dcb0960edf,44.22528147697449
c65e4791ac98783c679bb8b1,79.49258685112
f771e545d9294ed64af408c8,54.67209219932556
f47bbb1f66c1415fe69dab61,21.38339132070541
886ae67baf1794926c66dae8,32.3047935962677
c06ddba90a6f952b52e50138,22.48620390892028
3d100129795fa5524ce3b65e,33.74031484127044
9c91fcf7758fbf79522d90a5,79.70325946807861
cbec75dc6e3752c9e2e34bef,22.12925851345062
eefaa3ab6827a5adb315df87,40.54459929466247
c30b901092248bc6906c17b7,35.32804548740387
aeb1ad98386d71e6db4b8129,21.672119200229638
a3275271e3df6084a762fcf0,67.24166870117188
558e18e3a3241143e0d4d650,34.1387003660202
da6c3f0c62fba94dbb752a4d,41.41794443130493
454fea627ad84956d8c1ae61,65.73936939239502
78efb747fb54f8a626dd4d84,37.46645152568817
aaf2c612cb68642efa4289a9,35.47758162021637
52a634dfb43a96998294ab65,79.36694025993347
e5daf80b17c3704b9f001945,40.44745564460754
32c4f6b65120e449815e15e7,36.7514818906784
dbf72c5a910c12d897a32e41,79.20052409172058
e05dc8ba6a31805af828a8ac,19.9967622756958
5a8e46fb8fedb9f0380c2669,41.896653175354
9d2fc5e4305829596cc2e438,21.43366783857345
5cce534c9bb4f8fd6b7b893f,22.69299775362014
3845f846affeba7f233b3cba,30.18127977848053
eded6c4c62c7cee0eff9d5e6,42.06731617450714
4277c59a450544284dd88a6c,54.41384315490723
3ebc3c5c7da93d7d6f136911,23.27197343111038
6a143e15ac868db59cbc471c,55.421411991119385
c55d30f9d94883cc84fe1085,16.756415367126458
ad3d8d40f47b7652c52c429d,66.67868494987488
de3257fbd48bb06ecec01c3f,43.10051202774048
1298a3bd86cbaae7fd116631,36.973854899406426
20188397edf47edd45eac2d6,69.08347010612488
3e122f91e9cbbe81c0de394a,38.37234675884247
43ebf2f77e73b00b965038f2,19.411952793598168
d21088c5deb01b3937fbae40,32.49672651290893
d71af8607a921d8f9063d51d,12.39140704274177
a0a51a3fd86207806f0d369c,18.498389422893517
381e7b40d12fe0f903084936,32.98832476139068
b140035826c36bafb6a692aa,39.93670642375946
d8e5c7377aef683d21069ebc,33.54563415050506
4a0ea920262856937fc8abd5,38.48052322864532
668022ed95bd3301650af0fe,36.12971305847168
23138090f018b8efabf3d34a,51.42714977264404
bd19318eb3345bd7bc35147d,39.611589908599846
cf19b937f260a2217f247726,24.082887172698968
699759f01eeaa4d29289769f,59.673887491226196
15ecf191ca865e028a214ea9,54.11279797554016
5c9a976914d09bb4cfa7a753,78.12308669090271
634dbb34b86993a9f23de2e1,10.89187562465667
4a18e04faed1fabb4f173f50,40.65940678119659
34929926fce4b75d199ed172,15.09483009576797
3566fc38c2b7de55dda2694e,79.49961423873901
bda8880dd38703d7636b0d35,38.95719647407532
196efb924419f2a108d00e4c,71.80178165435791
3af14c14dc0978cc87236cf7,59.62947607040405
22c069f56df48764005839d5,39.04370963573456
0fcaae52291c6b452fc9aab9,23.1282889842987
4ce25fdb7c8857563c62bd6b,36.50864660739898
a3b78d7d2a94d61836b0ed9e,28.78839373588562
480854fa6e19254c1cdfbeca,14.55485969781875
60ea7ee34bad41f1cb6c06b8,34.09220576286316
0fec7055fb3acfd0333172ee,21.84054255485534
69ba7099f8d69587e5f0f9a8,27.26096510887146
85cfaeea2bc7e759bfb3401d,36.23130321502685
69ba6356a72481b60b741d75,34.30295586585998
439f377c5730b261e50986b1,17.22100526094436
72c845689517dfeceff813e6,22.827889025211327
8628a83658e553785669f9fb,77.66693234443665
836b8ffc42cfd1b44fc5f2d3,20.22510766983032
44140dd548cf99a06f3760b2,37.06122040748596
98361900025af1e8f9cabf82,34.78486835956573
e56bcbf73ac926fc50f634f8,32.629847526550286
be2dadd90d77266b4c687e6e,30.453532934188843
d76e76f70015acc836f810e4,48.06225895881653
86ae26307d103d02e7f43374,39.8514062166214
2573db2badff1f85ff90353f,13.387089967727661
e27139a212fd085938642b9b,69.90382671356201
3618173b14453875ad4e835a,20.89586853981018
f0724d953991039d1719fa52,79.43246364593506
930b1cd66108d3b9916ff69b,63.38845491409302
1955c093f35379274b993f92,39.11501169204712
9a7307ecf1e52a7ab829ecb1,34.6454918384552
ce17b6b998b4ab28dc0d78ef,25.04560947418213
200eb582c10be606ca974f10,56.71148896217346
76af6c92a8b9b97876c68199,78.43977808952332
948df368ecd2c56cfd040ddd,79.59988117218018
606712b2591935062176077c,43.61687302589416
58f2bc328c74feb558672d70,79.58836555480957
ae34facca35c3bb972593d73,49.20894801616668
220d609465fbbaf33ec3c90e,16.87370240688324
13750d0137d1922d46b1115c,65.05656242370605
62ee715aa90f4bd0e526ade7,63.759779930114746
625fef26177130ce36b3091c,35.86436212062835
05e7a5595e36b6b6b1a2fc0b,79.23694849014282
0d5f9417d52a0173284a4afc,79.92737293243408
848eebe031225fa98d07c130,53.61139178276062
34ce373fb7035f31d87cc70a,79.56615686416626
5d9c52c4f6a95bf815bf9f9d,29.92862164974212
aaa6028b21666bd2852860d1,80.01080751419067
dc38b97aea0c3e107db17a2e,79.5245110988617
af48e93d9f636f2127e403d5,23.81214946508407
eb52ec7f9a575e8487224b3a,42.38592684268951
9e199f1dc4c7bab7e40b58ef,65.65083861351013
416aca7199b561f0b928dd2a,65.29796123504639
f0a1ad503f20393c83e58d3a,18.95871013402938
9d278dca79e6d94840318f0f,24.533149600028988
b845b1585e464c3133562663,46.02769017219543
0cd182599e709e92d564cbed,59.33265686035156
4467dbb438cafd796d47c782,54.273414611816406
4f310e25e331034a09dd8b85,79.35784459114075
ff0fa5849212aff1f7634785,11.20118871331214
65464fb74b50614d0a0a91db,26.67011022567749
f3a9e468dfeabf2637f1de45,49.85120594501495
4b20b038454ed66190415090,10.35750582814216
56bb03c5ab676e02cfb53296,35.6700599193573
331a3f3648e79f02ffeac8da,54.68440055847168
1221e08b0861666c281b9a7b,21.84504270553589
e558f6feadc490a4cfabb60e,10.36548018455505
53c9affe312538e3d1053856,79.56772446632385
06957dbcee3208b0e7d1b919,19.64390873908996
e679f1e2fa158b4dd1d4c30c,16.81205630302429
2e9d89b3d46e66719ccf0d30,11.85663342475891
ddd796295599c7c33d3c7bfc,79.67191338539124
9837ed31e3e40546f4e26dfe,39.63736593723297
bd2f3d767ccd61c0b1b3aa60,22.64939695596695
800184203df11d845faf753d,40.90112447738647
786ef222c93181cb77200d95,36.56004965305328
bdbcdc16fe3c87c9f0c322c8,60.04851460456848
428f0844b9123fb5612bf9e7,48.7125962972641
f231ab0024fa0fdd8adaffbc,59.789735078811646
4cce0cbf0b813bd33e4e684b,23.07267934083938
359d6fe1aec5e75f7be2c2ab,23.51333498954773
1e7cffb7bbb8c72646c5a2a2,46.30959928035736
58485e4f70961c07fb6e1fef,27.114906907081597
bdb5e6ee9b8fadba82b5c4b2,13.323305547237391
a1981ab7835d19a8a6fc85d3,20.39557695388794
cf5b032485382b0e3a512052,79.2639970779419
80ba124a6b16d373fe4b38ba,32.83953070640564
03622d18ab7787dfd7c3c629,39.01609182357788
c29be37011b2d58acac8d44b,55.59934377670288
e2b7f913196a888762e3f01b,38.95753026008606
67cf28d9496bf635592a8891,28.971445560455322
bd7635c52642e8fb6482c038,18.90920251607895
021ed8e9c68be5ef0de420f7,40.31766653060913
8e4517e4bb82f4760af0bc1d,57.707929611206055
a3249bf9afabdfe35ddc9ba7,79.13167476654053
1a9306d20fb744780b04ca80,78.1793475151062
29bd082d36ba6f928d3d0bc0,79.58109974861145
45d1ae259a2b9c87ffc15ed0,29.79688644409179
34248b003ba1cfd3b4e84749,58.90793800354004
b30db97bb2b0e015a9d706f3,45.6925630569458
ed9064631a4c8301ced69701,20.987798273563378
c0fb367a8074636ddeee5ac2,50.989747047424316
e166ececec0ae0812b3b560a,77.45758295059204
818a44c6166f92cb54d5340b,31.92504644393921
6f5fa01db0662a90d62d7686,46.01217210292816
549551f22d20f4e42fbf9ca4,18.65756064653396
3ab6ebe906150fcb15d6f76a,37.74200677871704
91fc018f8874058c8216431f,29.92964088916778
55bd42da64b5e32d02aa5b36,37.25899755954742
b81f0a970d4f639e2fde98f4,79.58869338035583
193a42d31762786e8061e745,17.32855290174484
6e149e0794179dbe3035bc05,58.44316482543945
26ea776b6d7f200f169f3e0e,38.34725618362427
14df0fca229fb9d3aabed097,52.47231125831604
eb8547ba88b563eb876f3bbc,79.00208234786987
e1b864cdbfda8a6cf03b2bae,62.17230558395386
073fa5c0744beb490262dffb,30.29104769229889
4205e8f9a0d0b620fe2131e7,38.416561484336846
1e9cef9bff542b23fe34c9ca,65.96577763557434
1c5e50e821f6e2c5702f80b3,37.28386759757995
09220d6f81b3c95686dc7a3a,62.1001660823822
bf5bd6a0fd96a5a0bf7a1d90,34.87045466899872
cfd995389ec0f9d8196d6d1a,66.62606596946716
156cd925737e1c400ee67633,78.07967066764832
029ec6f392aad400c28ca6ea,68.16577911376953
dba2c150707f5509fe9be418,75.89353322982788
1df1225b370524fc3d5d5210,71.93462252616882
2888b8bf6459a74fb1712583,78.35503816604614
04debc30a634ac625fac9998,49.40971732139587
e51577db7b72a64f7d5513b6,15.96884429454803
774327c8370a9a1e6245d27a,65.15958309173584
d4161b017636a0098b462b91,59.45586562156677
1cc1a4731cce66334fe33a30,17.220242321491238
cb90114499db5c967895f57e,56.028664112091064
d7b9487afe988dd7e8de5745,79.20330166816711
2939c120956e9fb7c7f86219,28.39229702949524
06304d643cd8e6f803f6666a,41.41349494457245
fa3621fc48b98567c9b99df6,67.05994606018066
87ff5bb62d512e3fd72a994c,41.43187701702118
06d70804722c0ef38085e272,35.18058657646179
d0a1c774260c4362100b4601,44.23705041408539
cf5d8c2863c37b0fe81d7731,67.25972890853882
b848f7fee55f8ee7f27cbfb1,37.13302612304687
b0bf147c2c6c73e8326123d0,78.54282855987549
e57abf957ad68181f734b9b9,65.90059399604797
af74ce7fa5d2c749fd22a137,71.88847661018372
c07814011081ed8a16dc3dee,22.44659066200256
2c3adf9267f19066addb3c84,59.02618765830994
f3ce9b8bb05f4b968f38f024,18.764254450798028
0d257c10532e36390e816690,56.003355979919434
be23350683a6ec1d0bce01cc,73.20902943611145
fb0f295ac22b416a7e3514f7,64.15778398513794
0d4185fb0cbccbd1d9345e01,39.27254676818847
59993c41bca84baeae14a422,77.98774838447571
8510165dd8ea85367541327e,28.666311502456658
6e534e0872992e02a0c7bbc1,49.51620697975158
6eaa38044c16c5b521e7e879,79.30402755737305
32c1d43162b3927b06b1b029,38.27266097068786
e9f94fd5952bcdde59b7f11e,35.17597019672394
e958cbd858035cfa0815fb9c,51.12971067428589
162cabb56a01f40e35bebf86,22.96394854784011
7b37cc4398f0e68443cd4a67,49.215829372406
b66c225fff5eab57ddcda5d7,42.73766279220581
f8519f563d639487a8ede6dc,20.31982243061065
397995f48a8a9fe055c69677,49.391844868659966
83bc3cf692cf167129806803,44.97239887714386
2c9c502c39a308ff4193d3cd,19.97587233781814
0d19ce5b86d64ee39dd65977,27.840489149093628
f6eebddb9905fffdb1b7af05,60.516053438186646
0201412499e1e7212340f13f,39.30172920227051
807c1e3d891d9cf463b423b2,45.9322065114975
89ad7dfdadb5cb2a1b90311b,28.85774672031402
af26de423646ff2035c45d9f,22.37239480018615
4fcddb1f085fffac31464340,36.261099576950066
21ffc1d6315df5f96105c4de,62.10712194442749
d17cbf345ddfac26fc30c5f2,27.54100263118744
c3e806b844ab01a1970e4242,19.39093619585037
97f7de77cf800223f6922693,16.99796915054321
8b0e3326c2bb7c75fe10a1b5,20.84917277097702
5e3c03f3307a2601dc7ed79a,65.44267535209656
7071ae15a43ad97ced65ae1a,29.206401109695427
0205ca67893777f194bb3da2,19.57915127277374
5d9baf229eb5fedae7536a2d,45.294389128685
e9225c1e4c6246502ff8470d,45.96302211284637
aee97bee781d08be457d65db,35.26171445846557
c7ba2c68fa5f7ad52600e1d3,51.384204626083374
2c39302f257a58ff74296702,34.48278605937958
ad9f62a21999b86018235743,64.21354413032532
ae75cfad7d97f3cc8ce59511,77.34478116035461
543a2b86a4bed1eb38745e17,47.36173450946808
966b9692e0736f1aeb6cc9b1,22.65962660312652
bdea89da62fba3b13cdfc899,15.571141242980948
a0bb346bcee75e2e42004294,79.51775789260864
2c183a16a702dd13d7051605,46.07397615909576
f5f2595b5396fc01df219cf7,20.74973583221435
0482ad6fa398c5943312d1e1,27.76560485363006
b546ba641a6a946fb8721c85,49.66685175895691
2b70b6db96b6b38094fbb3f5,55.864500999450684
8874889dab825e8926410a0b,62.885236740112305
5db24066fe0e9118d9dfbd1e,61.08095049858093
883c1f28b8d64aa7d2c01da0,48.59459996223449
19308480a8a54603acb6137c,25.92566013336181
304bc8d19835072fd7328ca2,41.04487001895904
f38b2e427f7e4982bab04935,26.86275839805603
ceb4f8a9ce4d8d7f23362bf1,55.08143901824951
7378c333f38fe288a30f86d9,39.14326429367065
36d523f2774e82c379c3c707,35.8285903930664
b93ba9c655b224d50a7c9dc5,38.77630233764648
d4d5b69f1a5d589ed99c48ac,33.77196192741394
73019bea4d7956ecd01079ea,31.38854205608368
90dc2a3daa1cbe42217f6a02,11.317723244428631
ec054438a3acd26eacd3c254,11.59763187170028
86119723164fd03f28e569ff,32.11361765861511
084a0a6658192f5b1167f0ca,21.701376140117638
35e92deca01caf216e5307e2,22.98775464296341
6faae7448b7a32f15762062d,16.53091460466385
7c0efab977e45c9d82953ae7,21.12946659326553
f54e2d7c815031226067662b,34.96421277523041
639e37be971a3d74f48f1243,25.07460713386535
ca7e0717924065623dcba048,20.37621438503265
643c61ce3be8e153b844c1c2,54.19995188713074
476d82a07212c17a556482a8,59.1794490814209
7bfbcc119d77299f9fb720c7,17.340584099292748
3695e20473a32cc67c98bd22,61.39603853225708
926d7e2673d7a9e70fa8a3f1,21.56343460083007
5f3163dd58a49663a38abe36,29.898765683174126
287a95f57f834198ca894a71,10.24749875068664
f94505076048218b5e026414,19.19821202754974
1234220604441331998b8c44,37.66019344329834
06004f39a042a54c08e20fdb,14.63712006807327
c638a72d32bacfb51154971c,19.7208434343338
e67d81c95e1896534243cd7e,22.02612906694412
2cc004edcb87ca84df7793ac,31.07682466506958
df7683ea93df1cf4e5a92dd4,10.39618626236915
c333ff8c5eb5ea18c9844f4c,41.27791225910187
f8dca9b30938b66ef811fbc0,9.68597903847694
465a263cf86333b742334d15,42.68063008785248
6cb249168492c6575b22a35d,28.88602614402771
91acd16fdbbf3074409fa267,9.394858777523039
201f18f5b58c5397da695406,39.38803374767303
7941b8908d6df559b11d9ae8,77.13031768798828
aca0dde9b0d9cc2addcc4e34,22.1947431564331
fa6319877311d877e07a78e5,24.479834735393517
c182e4fc95cb571d3beaba22,22.21076488494873
14a6d101d74393ac30c21c59,79.56035137176514
4e9af9564052f1dea5de588f,79.7524094581604
9a3bfd5a3d4b406a25bbc55c,26.47218406200409
4bc5eb1c0b52e69c6d142acd,33.85533392429352
b0ec43c894cf1edc7765217d,33.87941420078277
20a3af90b297630e1b889555,39.98374938964844
a0ab4c0f5bba4504d3344be1,61.42027974128723
77145c64b2c007ed37dd5ca3,52.11378335952759
17e059c1a0f12ff0f746aa66,67.58703589439392
b9b28179bd94454ce5ff5c81,22.320237755775448
56a025174c20eb5cf7cac527,38.46354186534881
3ac237984aca11e0a9c23342,51.98402404785156
386b59dd190cda4c9812b2ad,79.2071521282196
0fb904e87fee649359cb1359,38.58495354652405
176e7479decd180db05198b6,76.36170387268066
c715fda3dff505244ac5fad3,35.06950736045837
205ae72fa43ad2104b2ecb2e,22.54281938076019
213f81824b65a1bbb68e8166,37.11606562137604
deacd521711fa512d3bdad78,39.68782722949981
2981d85f57cf4a4500cca45b,72.67912030220032
ddc9f7ef2fca8a3813a63d15,37.44182884693146
83871684038e400d6abd5163,36.66938245296478
dc596889fb26fbe346518071,32.90170729160309
639b36c295713112c87fd0bd,38.20250928401947
bbf19c669b09c2aafc7448d3,14.840945601463309
b5717ae3dd50c2ba684816b2,66.02721214294434
1901b79154bf91f393c86964,58.95318388938904
76cf7b9b3e4886698551640a,33.41885805130005
9c8e737b8c607a45665ea0b3,16.285404562950127
762e9fd0dbe5c931ff550c79,10.37140935659408
6e5b4c51c038bbd6e18f57fc,19.09177750349044
aadc4edb21ba89f0b72938d1,70.74023485183716
49d38e329d2cdc37018cd814,61.068934202194214
adbf4dd3417644b53e739669,79.62939739227295
a3374c8eb7bd8efaff54b500,60.652244091033936
62b3b467b646145e169b227f,33.17658603191376
d0b07385506740ce6a94ccc3,21.62071615457534
9d01dd512096c9f8612733a1,20.69214731454849
5ab389ed7e8b6236d674eb59,43.63581240177154
e9d4ed6bfc0c51b805cdaedf,63.53623867034912
81d499cb14f494aa76d0c3f0,14.08687680959701
25c5356820751c5092dcffd7,40.95867872238159
679acd1b95fbc3138383da8a,30.11690080165863
dbcc50aea0ead1c7aa51111f,50.94249248504639
d87499a8f64ff082ddd68d26,41.35112464427948
47e0fe8bec8825fed7ca38b5,44.1215306520462
8d2cec5a0a377e3cee4b4642,54.4472336769104
2e79646327dcd9d02c339cfd,21.26649916172027
f5f83c8654271d4f8cc62616,21.5524673461914
46f8402dc68bc972c1b213bc,55.50801753997803
4cb1154c56d503d5606f4697,43.99999678134918
22c71be2d410c3370219cd70,8.43637287616729
2ad395aa5c641b995b8745a1,61.26008629798889
6d37ed88dc3486108e9546f5,79.84539866447449
5df1bb4a2ca46ed00250f39e,62.783944606781006
5c8d244ae8c0fec5e7692db5,22.04405814409256
91b162b70bbef8f6376f5fc9,63.82051706314087
393ab4d415e9318fd37f0042,26.3670414686203
2e69f880307314a57ce26105,26.89546048641205
fb1d7e346c0fab8e2cc26835,49.96244013309479
5ed8cdc889b2c845cc6e1deb,78.74777317047119
f2ed29d1fb3694dc475d7af9,53.75019907951355
6ef684f7a6dab61c51a7f33f,52.84780263900757
5642240c9865e9e256228510,61.488544940948486
f2a46bb83d2aa80ca1ab144a,67.93637871742249
27371db34daa9b0714208f0d,15.2229443192482
49ad5e13d4171b71e6756305,23.96014332771301
4e4620f16edcaa5eed3ade07,27.616718411445618
d0f684972cd028a312abb9bb,61.52753233909607
9036908d86f61104ace01829,79.09753918647766
439347743993a24a553d08a9,42.29601621627807
9742c0029cb73c5b32bf2105,33.54682624340057
870cdb302452a5afb56f02c0,44.98087763786316
32f596db1148ffdff3d19d96,77.97252535820007
c45a4ae91be728b9ca29fee7,21.64091169834137
a64e3cbb4aaf1b50e686c184,38.16204369068146
d2d8c17a5fc1ca11f8d5960e,59.08682346343994
fdcc4dbba87fad870afd492b,35.32659113407135
c077a60cdffe008550717171,9.08164009451866
5c611ceba27a9a2771dee5d5,60.924988985061646
652ceb2773017883da00ebb4,9.84978154301643
fd762939a9786d3a15a345f3,29.88300919532776
46d82d41b49bfa0b0d4ad78b,21.66825383901596
011dce80c71c4a6890f5a7c3,42.56270229816437
aac2fbd53877fdf36ddb54e3,8.13623219728469
7667df725e54acff7508ed91,32.19769597053528
b013b67910dae4314b4f640c,27.564728260040276
c6c8dac4046d61ceefafb048,12.86178827285766
4963a5d6caf4c69456b7f243,35.5663537979126
af5476f9a42480f83c986f7d,66.74119830131531
e29a04c4d298473e0d55d78a,39.46861028671264
32c70bbfd59b9a8c843bbaa9,44.89490091800689
34d23af17d63b9984b6d7b12,50.54124593734741
25936f4ede1e79c2c03ee416,78.14971804618835
6c444e2bd5198f53955179b2,8.338965475559231
ec9feb2d5748f42d96abc7cf,23.6931636929512
90b74936b88833e4cfc15dc1,63.0109429359436
2f84378329d02fc0e56f383c,21.42490893602371
1f179a9e9a91b59b1fbcd997,43.17041039466858
30da7f502e5c73b4456dc394,40.45321941375732
c9d7077486848abaae3a602a,71.80772423744202
efa0e8c851fe66d5cc973ad2,40.40675163269043
225991aa09d0de95cefefdbd,64.10003900527954
f00ce9a07628c2a13d117ac8,24.68442767858505
e41a303cc7339152d4897486,29.193121194839478
ca6e02a1bc19e9eefdd21a12,22.39464819431305
f36dce5963aebb3a5e252bb7,78.1864583492279
706873b6b91ea3bd44c86914,35.6839120388031
124aa9a91fe26886edc67d3f,39.92782533168793
b0bc626f91332d5e159f1a67,48.98924231529236
d874f1b0ff66041bdc6b9396,79.22656536102295
91224247ee73bf1131369bf8,18.66820901632309
01779ecc5bec15cd83c939fb,37.24790513515472
c8c80e92d162b3ff6d40374e,15.53732603788375
9966aa655c83c90b0be8ccb2,19.77626085281372
be42e9ec8db0b49edec3b68b,35.64609289169311
65412ebc99ebdba3864456f5,30.59964776039123
f111f3ab8c3d24650817a5b7,37.19063997268677
48a0c035b3cdb802e57a51e5,63.912367820739746
7e79bebb5a9e076356c30bc3,71.98503017425537
ca2bed91ade50f1f2e7615ae,70.5893337726593
6c486f0dbdbf6c01005b641c,61.72910928726196
ba8fb13cf749722f9fa04cfe,62.257540225982666
5b1dcf8d3ae610130308b34f,49.28501844406128
c801195b9c6414265c2a36eb,67.87278652191162
8bd4947693824fb6823b4f01,29.159140586853027
254831290bf563eb65066279,38.69581818580627
7f93ff8ee3ac7460ca62a172,13.22450190782547
11ec455ed32c0fc1525ecf05,38.57387006282806
b450641d38b5a96e2727ee28,45.34197449684143
b17620543d3fcbfe1889567e,51.92551016807556
b4ee6610af9f20395bf9f785,26.14322602748871
c6137e954b7ecfd277cd51cc,31.69873356819153
53b96930da37c6c42fb59761,20.949941873550408
ec0c884f33b3b15d301c6061,21.199734508991238
5a8ec1b3c23eb52ca6bc9d7b,32.35860764980316
a849ba38a2e8253498b5d4a6,52.48575806617737
311eb5b6c501a2c4269f3b52,17.6184669137001
741450d5fd842b27e4f4570f,16.89742058515548
0dbff48ddc8e61d306bf7912,58.31741690635681
71f75b85c082b23abdef843b,8.2584798336029
b001a5237a970b4c857e136d,47.75998592376709
79562e1561191073355b6a26,18.69198381900787
5b1c47aba4f0daad251e43b4,30.268636345863342
3902308367147e1491e82306,43.08702051639557
86df1696676dd6c560d36741,53.70609164237976
f3d3761e9a4be5cf80a4e51b,79.18522357940674
4a4bba2b5a90df03340fdca9,60.59725880622864
adcce27fd2db807c726cf994,52.39628553390503
7609027b96a4bed9d0cd736b,45.68766355514526
11285cbc5a4212cd4292e4da,30.945411324501038
eeb9223d010483167a40cecf,8.337511867284771
30b779bdb9e40d594f553883,17.34909564256668
b9ceed669c31ef5323571d77,32.47341215610504
00bd63befd0c2cf55fecbd01,26.18648707866668
4e5c33862bb031ac8c65c7df,8.19592252373695
c6e37d66cf0b7a6c9d749e75,23.58888089656829
b19bc9317bcfed65ed5de4bb,54.68040704727173
b60079213447dab82288b8d3,61.22347712516785
551d02246aa19ea78a41aab7,36.55622899532318
b30e17c9fefdef15a2cc8d8a,79.42169904708862
175ea7c8a56a396782627bc1,19.32711601257324
c80f42fb46e462351b84e4f3,50.021928548812866
3d8734a31f36062e94ce4b94,47.01026678085327
d595ce8de5fffea0745a34fa,10.354789346456519
37f6b4ed2abd5f3e9899698c,68.31004619598389
aeddd176d903434880365c2d,43.39818060398102
821f1bfebaae2fe0cff4fd77,50.00194311141968
bd35098c408b339a67a92b97,20.41481584310531
5303e70b33dc774f79205f61,23.48388135433197
45577ebcb870a55cfe1fd1eb,63.29217553138733
dd5aa66bf3d4793aa5bade28,47.07695245742798
2a7d90db0bd848584043beb3,32.928773760795586
f04bb83a9ac6e4f0b7e7efff,79.28311824798584
0f2b1b1a0aac577e3110d380,36.81854605674743
3a3e4646c20e40b2b62af533,53.98679971694946
f27d902a27f312d1f4ff31a3,14.306513965129849
544f37cd26089b2e12aa987d,79.23316955566406
16495fd8b41889bd97fbae1a,65.03007411956787
d8a680fce0654c2933193d07,27.1198570728302
df49489032aba4006af3f138,49.59394931793213
41761902933f61a5d9b82f2d,42.05356240272522
8323d3034fe30fac818228a5,30.58655858039856
b4c2b6b1f3e9fa462b67ef0e,29.576262831687927
1c31b5ceeb92307b84d3f2bc,21.13085687160492
d954bcf24696d20cd2f4a7d5,45.33173739910126
d609aef37917ecceb6477ad5,39.68165516853332
29dc0f0223709226ede4dbef,38.31027448177337
c37f16f99ad362db98058444,37.23992705345154
1f4232e3d582ae72d3d44554,79.66658473014832
f82cfcac0b078d4d91d0aca6,32.59765207767486
19c0e0509bda98f9d8774b45,43.41149926185608
6c8745e4c1290ebed7e7319b,12.14673072099685
f695f722b8ecc28fa75c7954,41.8233573436737
4244dfd757d29598cfc6236d,24.54347461462021
1fd685e076bbe1e0ee85c98d,31.999552249908447
d428095eaa4bf48df5116aad,37.52243518829345
2d3f67f569a444318b85a4d7,31.69297575950622
38754817429609f4f58a5c44,34.177887439727776
8a76ccfa58fb34eec1d81b72,36.78941130638122
b4a4e28d680f9cd1856bdf95,27.442026138305657
26c4198e538a096f7382765c,32.7791690826416
58a79b11f120917feaefdec9,70.23265957832336
f5ff3b3949c05202ee7895f5,46.45269513130188
49e8e79dcb2e8a18e10a81ba,28.14896404743194
515fcc40a54ccb6209ed3406,44.917023181915276
a59a4c7d4bc8cb0eb6b09e58,22.02471047639846
c708f46e0f58f3ce0289772f,36.55235767364502
4ccabc8f42bad975c609a511,34.34748649597168
1ba4d04e63b8bf043bb8f54b,31.04410171508789
4fc53f8f4d7b86fbf1c70ad7,22.044190764427178
ff24601ee49a0141cc5e4141,19.01391446590423
4106eac3316ead98ce80c672,21.03044688701629
7a28d5cd74dfe15b4efc136c,38.95068168640136
ba90aa7797880189287ef776,22.12782204151153
e636fd26516a0fa3e5daca0f,37.88146078586578
a3f99194b8a3fc606fe184e8,27.51820981502533
ea7ba0911929048200730088,60.85243821144104
7db56d21348525e7424e91cc,69.79405879974365
4fd1e30449c591aa213c3d71,32.59299993515014
a7096f61473eac063f4647d3,14.035508036613459
1a5325855ae81e00bd456811,27.78450846672058
c76894dff225675809a95d75,17.25479513406753
53d5e570a163d2f023839a60,34.12680029869079
a84c71f7d3c2e5faa1185785,31.097885966300957
33a8ade05059a97bb0bf6ef8,37.69372701644897
3655bf1969466372f09bad9f,20.81401646137237
be8da91cdbc77c3e5e8b417a,67.11928248405457
c851f6587b5f03c215e42cd7,58.443814516067505
ce68ea22b29e54e512624575,30.90190589427948
07d243bc69fec6b370c885dc,40.95936119556427
57e1276d67accaef1b38266c,67.4767017364502
febc08c3a62d749e6b9d69e9,32.00506269931793
aab3bb14cf4be251a70151a8,36.66289448738098
03bcb5fcb8b316f87553da8b,16.59121513366699
96f4cbdd4d3c820cb23ec4b5,17.775483429431908
f388ee954bedb1faffd40339,53.77548336982727
1ecb2bce130033af19936aa9,31.37148916721344
98ddd13ebc9cd59ff4d1b865,55.31629920005798
f0152fbc1a6d49348863f677,36.73916459083557
a2ad8cb41bb795095f5356f3,13.775825500488281
7509f6d8b8bc5501f4fdfab0,31.98091685771942
db62901c19924d9407b56843,50.85080862045288
ba15348f8a2c960c66e09f00,55.34992814064026
1664e1b4a6723c590bca7e9c,37.37698495388031
592de62c27f1fdadc24339b3,23.04724156856537
0eff407254749571ef66db16,16.881391406059258
18456a5f09e2843e7fe6bde9,67.56369471549988
723d68d1451c6f99d7cf81f2,40.07226526737213
ad72c4ceeb0462378f78c04a,31.479141116142266
5b0f91c5b046f5acbda8b783,26.572155952453606
62961386792f2b1e04b49d0d,8.98444056510925
b80ed5ae2dd006e0d94bb98c,39.21470940113067
1394d2fe987092db97e05aef,13.51443082094192
6c02423942de0dee214b8740,62.1540367603302
b219b73f0f2c2591fe7ecf74,27.53529250621795
cfb29d97fd31fadb9557ffca,31.33131861686706
c42ff580d94b45bc8509f30d,52.54541635513306
1c5d759366fae72128557e3b,32.34356939792633
20be7e4ff598970f2caf7676,45.61011493206024
bb50a4b8fe01f3895183ca03,21.07474356889724
5c7e1545f76405b0992a365c,28.31184267997741
92d0d49b827d0e563c32d24c,13.66777420043945
99aec8c2bfbf7266b103fdd0,69.75839138031006
98fc04678ab57834ff938c4c,36.34040951728821
8ac6b45d17d6fbb51426683f,79.21833992004395
fd592c746d9c3068b51eb9c5,56.55648112297058
63c2bf915906afa1f241901a,18.363748490810387
434e6490aaef8ab3ff5cbbc5,39.33813869953155
c1778f83d14f24382fe1558a,58.728814125061035
5202b5c3e822b744b7245d11,34.53742265701294
65978354bd743a6131421dcd,49.24705922603607
ae298ad66262f456de7fe48f,30.068981647491448
66cbad84cd31f187a81f1cc5,40.50485491752624
64eb1e5255899c888d6e356a,41.80201590061188
60fa77d2e8361d3f7fad9305,11.67111620306968
e79ea177183b652ad31d31c1,22.01346307992935
23f1475f604d6f662ecdaa42,19.8050707578659
8639ea2f978498007128e8c2,40.82468450069427
c3374c1ee02839f6ccc571d8,79.33444380760193
3ecec2dee68aeb36ec9fbe2c,49.41496849060058
54462d5b8304a0c999174300,53.815168142318726
d66646f0f50b6375a22a8613,43.17745864391327
3ecdb8b2c5d94b81c1984538,58.129459619522095
bd18b5b6887018afd70f1f15,10.280422121286389
6c27602b7ba9d4f54ceb9e5d,10.42247861623764
372437690e0b7d35b41c2544,14.084009826183319
dc46f7ed117bf14af43d80da,27.67808735370636
0843b3dfdb7a2cd10baf9084,36.64951622486114
6f599f781fcef13762ad7f6f,14.646877348423
b3623405c3f870379770a9c8,41.838017106056206
cb5abd20dcb657c4c03a1419,47.40320742130279
ffa9c439b1d6f05eb5bd1eb6,42.309635877609246
3581ca4f92a8a63b0c2b5fe4,37.61245012283325
390d847af38be6437a7f2c57,26.27390027046203
c43b196a56ea09b1e502008b,23.84521663188934
1410abbc6e4d182099147d1d,26.673999428749077
66ae532d229172189dbc6305,58.796632289886475
32874063b0e8ce5d39f212a0,35.224249958992
0a01ea4ed560ae24f7c27806,51.54428482055664
01cd94a20e1a532eb4ce17ae,79.2742133140564
3019504694f3b7be1e0035e4,33.94112586975097
c621f82b9c30c653aabe50b6,32.03149437904358
dc3d7be0fbba3fcbff7acf3c,30.14951348304748
50e57f8f54a38506a5caec24,79.16045188903809
831a5919c4520d8751edc0c4,51.381999254226685
8cbe19b42a7d2da9afde677e,25.580355525016778
185f8e944c5e3eda1e1e2ce6,23.943401873111718
ee7aa9b088dbdec7aad25734,11.94785460829734
6aa6b1fdc22b8d1cea6eeb82,23.907902836799618
3a890352bd70720446ec8d8a,50.26050806045532
69b6f10449adc01b6c4def09,62.33466863632202
8ae7c102d59b50fe3266f93c,67.07303524017334
d33248103dafe169f0b926d3,36.2199991941452
109d088cdfb16b1e43d99347,22.086723148822777
2150d5d58b0f1c8eb23136bf,27.66702771186828
0b7e08bc0d01d70f0dc105fa,64.49503898620605
2b7b9f9c4f75e260596ba573,25.81513822078705
dec4e0b1f09e8559883af773,51.59520506858826
4602544942dfdff10fe6feb7,35.8920693397522
6b47ff204a92e6fa177c8ebc,67.66464114189148
f0f8aeac1b1eb9957d1e0ee6,31.19311332702636
b40f009da9662ae1d4ad2c34,41.31133258342743
496e0b2307f0c08ff953addc,70.61943411827087
92876cb004c199bef5fd2d93,71.65893316268921
a851ba43699bf3a08127ad19,30.4124116897583
8c39edec2d6a79a1fe2ce8fa,21.81873321533203
506114e8eddffc190899f553,18.81793290376663
4d530db5c0ba02b36d6ae83b,19.89133059978485
fb3abd5917d8df8786dd17b3,57.34727382659912
bc62d75eb132ba256aa1599b,36.20157241821289
65982cc4df61d546d1fbc096,53.58937978744507
58bc4ba8eb2adb37b712b4a2,79.82152700424194
a5e3e8433523271688c12a7c,42.86466538906097
62b380490f704050bdf46608,23.18520694971084
4af86b09e2e0c5ea276f0266,15.64415693283081
c983631db11536dd87fcba80,38.1441593170166
76ed9b06db421078a6466c71,43.79554390907287
c3cc35dc6755b7cfdbe20440,26.930829882621758
54a228209153f443ce1a4482,16.78937077522277
0078fb71f206712d54d6d867,39.66794013977051
0c8c1221fe5df9e3a3e3ccff,49.563905596733086
2c1751fad7c7749c3983605c,21.39582633972168
ce0b2203d7dee9ddbed680d8,17.983178794384
af7792e2d14902ee4bd92496,32.71815776824951
6853589de3ce63cb413e2406,56.11621141433716
bfb3570457b080b6519efbf9,9.89364609122276
a19e380f57cb088cad6bda9d,11.81197017431259
db771bb5822b9bd809da854b,37.92932331562042
97e430790e6e13046a483bc5,39.70834910869598
3622d791c5039aa9fb473a34,29.236850142478936
72d2a2b005a006f0563ef8b7,18.6759740114212
e8b13c8a2556e1aa62feb5eb,20.8163633942604
4c75812582703e50c1ff0bb9,16.44153594970703
f8f557921f28ce0e6750ee6c,7.2838097810745195
624dfccb3272d7367fd0887e,42.66978800296783
c89b285fce25cb5dde0522a3,54.94997501373291
0a7b47b5761797c2bd56ecfb,20.38481682538986
2e4470e6d6968f897576dedf,62.51913905143738
4b9326e8d224d1e9f8ead07a,26.7363041639328
c6383f73a5889a589f326812,11.034362018108359
63a5518c3086af0770c69279,17.88705289363861
b6373e08a32b5fc52ddba96c,79.09629344940186
50677b4123e7fce371f374aa,20.791710913181298
acb7132cce7148dc3fbe7358,17.21159815788269
05f3c5af53bd0c2ab6f30e97,9.18922796845436
3c87c17680e9c41fa661e92f,48.0874627828598
27b02737d14592345cc83b19,51.75934433937073
e9507424d6087def081a178f,26.85280442237854
ef27473b7f0ea1d469908001,78.52451801300049
fdf7c9625d05a117ac2d8d75,48.611006140708916
e5ab1f232dd89ca547cebb04,44.01947259902954
68ae06af6629a800df0bbf4a,29.83284294605255
a4a1a4b878d26b0eb6bc4faf,78.31448912620544
38f78774a10e0a7ef1756609,8.38540345430374
42181f4d066426c9d2c1db84,60.99441051483154
497fdb43774a8f96f4e411d1,61.086541414260864
9ac80de78ca3b802a11bf601,44.92553472518921
1f0f03a35e6b40386d2a92af,34.16031002998352
d5cd0f6363ad3a9aaa59e6a0,56.60865306854248
8b714d78c887cd61cf8e91ab,57.39028453826904
120cbefc127d9925d629ace2,19.955575466156
a58368619b21ab0867e13a45,12.884250283241268
bf57ec1524706bf31a5eab90,47.53967821598053
2dd5fbe6839b72b15eccee49,21.26652896404266
8c13e95e4b7611e84404ea62,76.34588479995728
2abea0ec425aac6a0ef9001f,45.71166932582855
27ca76a40619759d94ea6213,37.72114515304565
42891d2f6cb04ce657ebc398,55.96339702606201
8b081bee5ca178336ebac07a,41.76425635814667
24fdce9795490665d408523f,49.01095330715179
ef1e4066a10733e533a981d1,79.91095185279846
96d02e05fceafe8abcbaea18,29.3679416179657
02d82a9ce99d82b55c409e35,51.69779062271118
023814ee2f4ff2ccfa0e574d,21.26768082380294
5b028224f53ccde5f44340f9,35.37692427635193
6c02a7829173744481a27c51,44.47435140609741
182568d49498f398d2a327b0,19.44109499454498
4753f7a7cff27f012eb45dde,39.14312422275543
2e75f9c0c970c5ff25125e71,72.02039957046509
f540aa27c517c3fe4f2a28f7,77.71680951118469
19e8207c08d027ce980429a9,14.81270045042038
6682c89a549cf8417850a1a0,28.50240468978882
b320babc929275955a1293ff,33.76743197441101
bb4e49ef02bfaaf20b692120,22.53264039754867
41e48fa92c4d7b8021753b91,47.35375642776489
d69c55f4c35d84dcccd7f9ec,64.33926224708557
27946d1ff5f2b7e98bb84830,23.82514923810959
38c139f3cc0e98281687751a,42.67111122608185
1c438c2ec39d77655740cc40,74.07386302947998
6fd34026b5777c31b8bf2059,48.05769920349121
60cc9fa096f97d80a2fdc4f2,50.7448673248291
96a7565b49da596ede3d3a93,59.389424324035645
6af7a8fca532ac2d53371489,39.35271203517914
955c007227b410ace8f67a41,28.635194897651672
2f2e7239bf99b9f7ce166a31,22.19919264316558
e2f2bab252c676668838f745,58.418476581573486
0a2ec2c9670bdb6d180b2e4f,26.89652442932129
6fcfa2aee3c032d1312408d1,49.82791841030121
56ce5fa3bb50e18ae21f8b36,67.60438680648804
8e805f29c1fd9c171ef3bf53,41.77963137626648
be669a0636b4d7a8731ec691,33.01542401313782
31db08922be71ab230427aee,79.42955493927002
a843b374a8038fe6906d214b,41.31849408149719
03482b95674d44c66875c94c,62.348389625549316
1a0e7112aee3ae9d90311d35,79.77065443992615
3b0bb07731125a378527683c,50.0555157661438
6e60fc745eb999aeeac3bead,52.05308794975281
9b9d86c61a95dadab87dca61,38.0960464477539
819c4751e6bff6024bbfefd8,26.239323616027832
ca733b496b18ddffc534b304,38.86722028255462
b7b2a5a555cf690ec8db1178,33.94384086132049
664a65b50ea0efa24686b45a,19.6990966796875
4fc0ba87be06dfcdb884881b,55.97504377365112
5d4b266efbc000c73f764246,42.97396838665008
92baec9f313e822554302434,27.76907980442047
95cc5381813beb3f8de1bb4c,19.51532363891601
22e5c4e689cf5cca27c2294e,64.24639821052551
4a78e620354270b03aba5591,77.61725783348083
a17e25d03774dfa4c4b3e498,48.94390106201172
1a0919414dded19ca0f02be6,49.46803748607635
2af9f2b0156ca33b057e5714,23.217494785785668
390859648c88a11b17e36004,9.6650555729866
77258b3a35f31745be664cc3,9.92418676614761
eb29e92200ea4d0e07c7f4c5,27.140966057777398
767d797a2dff4a1545a9d377,79.08690571784973
70238972f5083208fc6cef67,31.03134036064148
26c0b24411f215e7aeb9c69e,36.0215812921524
41f674f2a3ffda379ce00a29,28.48232984542846
14794d2dbfbbb2f565714969,65.61693549156189
31f50e58b076189c865aa056,49.21987950801849
209107a22844166e1d036caf,79.27913665771484
c59ff2ea174ff7d016655e76,51.527220010757446
7dedec5363d1adc76d9d65b2,31.105154752731316
5f5b04bba330454ce86009a8,77.15786099433899
b4492c50a0d9ef5100e17e71,20.9208607673645
909c2bb2ce2945126cc498f8,41.00195467472076
979b83adfd699a4427350edf,79.41312789916992
3b869503253be8846714f019,35.1296991109848
eabac225a870ebcccf632d3e,33.5451602935791
784943555bd50a56404dd61f,29.101857542991638
d52db25c4a81056468d940af,79.68721985816956
e03a8f820d8bca5d4b484f89,78.63625288009644
772bef0500993a9c88c24ffc,36.07752323150635
2a27fed887ee2de6606bc46b,12.24198266863823
8c09feb89710415f0e49d365,12.28046640753746
c15211f0f0900733d1adb0f9,29.47363555431366
0b72d515f8b49a872ed07c89,79.00585532188416
6ea5d9248f0ba71562bd1abc,32.5149267911911
d3de0d1fdb4b14b1c7d520ea,60.698580741882324
8a21411fac8399d23fa7f23a,38.88084590435028
34f64e250138d860159cf702,34.88416075706482
aedb38dc7b3ea6ec5aa8d9d0,57.77714252471924
ec008630e1ea2d5595a03cc7,56.23939633369446
ef22d19a62ace00edfa1db8f,31.09090030193329
4cb09e1a17ce8059ac6ff4a0,18.87789368629455
59df1016392bcea721b2d4d3,30.537259578704827
0c0d0b7a9d61c5dfd1c25994,59.932953119277954
86dd340f4fdf1ee683bd7613,78.39650511741638
6654116bd7d57a7a85fdb604,76.79091691970825
c982a72d385cbc4e105ff7a3,38.34486305713653
1e504f8f4c2f5177b7186dd8,16.40722155570984
af22f0e29d0697ccb35af141,52.35663652420044
9e62f21073ba25aa77ea36da,79.09395098686218
271874c8ba588f5f76f75689,79.51542139053345
ccc1f7cf83312ace593e131e,49.29054379463196
3281e522251c85bbe2087a30,79.31663393974304
8ae0d21b8c28fc8c133feaa7,43.92046332359314
8a543397b7463dde1422ecc2,36.56428158283233
b3eb9cb80a11cd0f77619c58,77.21174359321594
e9e366364f617591ae5ef17f,56.708329916000366
da0fb3e410726c49df5d217d,21.434010565280907
7805031deda680c31ba16e2d,18.53415817022323
4875d572be0578ed7667a109,28.12240719795227
37ae69f503fa3638dc535f7c,14.67747688293457
332f96b9e8a97e058abb6c59,69.34472918510437
d9670565258501614644adff,35.47230362892151
597d92fbad17d823baf936e6,57.84044861793518
b979df19702949389d848214,56.45982623100281
ac2940557c66cfc9ff80eb07,44.40765976905823
f0822a3ed75eb00bac44ecd7,38.73006403446197
5fa094818fcf5ea827f2772b,11.39662861824035
4eb1059dec983bd32edf058b,62.410253286361694
c0c6d3d4816b9d664e3a08fe,20.61958909034729
4febd5610f4f67591b4f5d9f,79.38267588615417
e0dbbdd43d499c876eee4edc,52.452439069747925
469a51d7e474c0d049261e64,79.60619330406189
df856bb3a31f4662456c2ee3,40.95591306686401
65d7782e2d4ec1d379c77587,21.31811678409576
7b76d9542bbe9f032430740d,65.80832600593567
39bb0a21840a42f421ec4e0c,29.83076572418213
39aeb8010e5a2f54d900dbd9,19.85785812139511
633f1acd90c9784586845af5,48.89161288738251
e0ee613d353287618d2fd6d6,38.00716996192932
586f58cce4eedf0d366689bb,79.63780164718628
94f3351920774c65749d9e37,79.55553531646729
7eb7ac825db1cce14129fc46,38.33156526088714
ef53199ebc462ac3be97d894,28.26030254364013
6ffd76b172aa96b24df3ebc8,20.00021040439605
132c1ad90638ccb7c45c4e2d,36.40825152397156
ec0116ece6032ae1cd01157c,61.26801371574402
631dc95d07390fd4c7996bc0,26.13825500011444
67783597a7680f9ea9002e0d,18.98122578859329
d643d3fcc80615d58905dff5,79.58251237869263
97c880f4870ad1eaf8ba0085,45.905601978302
521ffadaa2dd399067c6af46,16.137224435806267
68aa809a8869c33433e02997,41.25459492206573
6ccaa4c4e2dd7a252e3de2d0,79.65275049209595
c487a2058ef28dbbff2bb963,37.57161498069763
e492ac86e1a9ecf8649ada55,21.44415080547332
da28ac18ea96a07a4ae4a93f,17.45961457490921
162225aa1714a5b42a7b0148,61.78578734397888
1b7ec672744ab0eacc719ee7,45.06931900978088
eb6515aa3b396c5e6fa819a2,77.11485624313354
9c810705096103db1f7fb88e,12.78681755065918
66aca0dea90048db92c653f2,33.66143703460693
3cda5fe68f410173a171c27f,63.71985673904419
11f625026556caf49ef8bf55,54.28048372268677
5df204d898fee64bc390703b,55.17224073410034
c55b22a8abacae2bc8456975,60.80191731452942
5e1d2ad12008a4c7433f5d0d,79.23998832702637
d3fe6389dccb4c9a2454efdc,40.6238853931427
591a8c92b297bcb4b441f476,22.81926870346069
9eb0174e927e2c105db99323,23.96413683891296
3fbd5a332e7b486610c522c9,78.9513647556305
d7bc7fc3cc7b85ccb51deaf5,55.42137622833252
0f5e5e0b651b65c82f62d208,53.64944338798523
b54ddd797c61c0d037abae85,54.52777147293091
a222bd3faceddfabd3d520da,38.75559866428375
8bf42b80471a82c7261bce2b,32.5769692659378
b7d29f81289bf0abed7a2807,79.17383313179016
e361cecdd637c6a3d24e386a,34.51091051101684
cde4032faa3f585db6b3d89a,18.74939501285553
9a5c27991314111096ed8343,35.38315296173095
cfeaa972433e7e0b53ec8703,46.83230519294739
57434d93e022e5dbccd06c4c,13.73499780893325
f3c57c6e8d730dba9dda188e,8.24757516384124
4133b6f2096a92a2f534b379,50.336599349975586
3e8640ee0cc60bd00dc48255,72.00660705566406
e8fcdef15f0ef7e0175da8f9,40.58407545089721
99f213109212c63c1537df59,37.84063160419464
204fe6d5eba6a67e034e7f65,29.580289125442498
0f27f645b9d9abb8322722c9,21.09692394733429
d1345c13d60e27ed498df646,24.94199126958847
b6f43eebe43e92bb9e359780,79.17366623878479
36c7f3647271e5ab65ac149b,33.26282203197479
e817c0b38615ccb82e17b24d,38.33797872066498
c6660001427a7fc43418451a,29.90755140781402
93cdb9c6cef789b0aec84029,15.624956786632529
38ecce71f423c4efd46a98a1,79.71751093864441
09b6121b0518041492750f88,71.42072916030884
d7dfafe6281330179253c30b,50.93076825141907
807df976c56ae57a1dc040aa,48.65254759788513
845fa15c2938520ada7ecefb,16.75454527139663
e2181bf394771391ef19dd98,71.1629569530487
8a84d0aa5ab142c234389fa8,49.22452867031097
b1fdcd9e6eace710bb903db8,12.53242194652557
527e8c4b344fc3e4fa63a944,71.0511326789856
d5297a914f73bccee0df50e8,50.76707601547241
eb4256b76cbc8f0029f02781,40.73616564273834
ce1c171c92368e3900e3cc9d,72.69296050071716
a1859f58a12446d3483b9638,47.14085161685943
56a227ed2f019e8582e7626c,41.09055995941162
1de8f8c946c0fe09ca305059,77.53111720085144
90a4b1e4adba3aedf1076909,72.00030088424683
b99f38eab1e0174d1ba5b954,40.57530462741852
b8718e5349088aa8ce235534,22.66164422035217
5831b41126080745d6b8d52f,40.94207882881164
f01103382f65792ff7c86867,32.67832100391388
7b8899c24671bd626765da8c,69.14440393447876
24c651cbb80e85f7a23c59f1,56.382858753204346
22d0036ff89b4ab232831906,35.07555723190307
61fdb2a1a1a4a57850e084e1,20.54833173751831
2b25f036b789b9403ab14ba3,23.03173840045929
4295f08b0dcc195699a41789,22.57613241672516
9b6ea17c2311e251b36f6586,21.86359465122223
d9e5a841afe26664b242d9e6,41.67516827583313
001c6ec05c511f950ef9c0a5,31.14626407623291
0e1a079f38c984f90329da7d,38.31285834312439
37b8829126f2f32369f377c2,21.5857595205307
82de3bcec3c75f2d80d56dd9,69.50635313987732
039ef27a488701e865d45bdc,42.7304595708847
0dc38cc3401eac6cd43c3174,53.05011868476868
d1197628f696952cdc66a7ad,51.08411908149719
ee73c3ea1ba67409f75e6df0,29.76275980472564
b537b2949651cefd9605e1d1,16.27478599548339
e6c4a40ddd0b5af6b17515cd,23.12180697917938
abfdc9b5a4eadf2c4493fe1b,46.01444900035858
e41fe005238205faa5478110,20.9912896156311
bb6a34caedc70dcbbba4f5de,22.02903181314468
35d14947ba09befa016f5727,41.00074768066406
e1d5d355803b10abe3300d28,63.44596743583679
df9bcba4ca4cfe269ecf9768,45.00429630279541
96c14d5a47928e49910312b6,61.54659986495972
e1b14dcb482f26483b075e9c,32.05496370792389
f63d69fe641b205527a8cb25,7.75007978081703
42221386f560fadd1ad4da8f,53.22531461715698
77e9326f6227f063645f03a0,45.10718286037445
d819b0f418276216c9d0c908,9.77759808301925
76781b25c8f4e3c5ede3955e,32.84966051578522
8c4a60223f57048934a32c52,40.26455283164978
74a89eec2ab8d242fe922e88,41.952386498451226
4bdede27cbbb5ab673d4feb3,56.838250160217285
dd665aaf79c6c79651b7594f,41.23381972312927
63d6ae0c3c62c48aa5a33ed1,68.08573007583618
fde9323fa180350d077d64a5,37.41751313209533
6af739cee29e955da2566108,39.57111537456512
8fdaf0baf48dcc2836764866,45.79198360443115
195fede35953df7b791a0046,63.48509192466736
3b5b31d6af7701fe29c42e7c,24.88950043916702
6c62f0765deb5980f7ac4dbe,79.68986630439758
f2cb103ec14a502f6c2f0128,41.56734645366668
0879b29247ec26313415deae,51.67899131774902
af0de597f4124c38d5fe2b07,32.74102210998535
8eaba2d0e45834a43f3b53b8,40.99788665771484
05715c14634fd817ccd2c82d,51.72269940376282
2f210ab3e79e045300fff272,50.90237855911255
1cb873f3c5963d42404151fe,23.56443256139755
28be91115c240c56eaee1e9e,32.818183302879326
baba842ae3bc583b4fa53c06,31.792744994163506
74afab5485122a843238826e,32.5934886932373
748fcbd2b91428134521b8ec,49.09410774707794
f6cd56b3ebd8febe1516efa3,13.50637078285217
5f6acff5c10fc6db9f764c2b,36.67947649955749
db05cda35629846e4a408560,47.28665351867676
4addb2b393dd749953b72283,13.056604564189911
6c4dd5ac247b554fad3de13e,45.46446204185486
106db702799c80a0fe6a8c21,51.80506706237793
d78854898f219b62580242a7,22.62807637453079
d06610a1c04b4e358088159b,28.761965036392212
4e5c11a052118a1ff3a33775,25.666779279708862
47e205ea277bdb0ee2fe0469,36.46938502788543
333b9d9cdbd2d6ba4989edfe,60.13947129249573
84fec9e27acc86c1fe9a87d8,41.52368903160095
04cdc1de82c87da473ccff03,64.37869668006897
3926d92365032a7760bf38be,45.34785747528076
cff2cf53b3fb694c111857c6,50.495243072509766
0e280d7a87413e88fd11ba30,23.00830781459808
2b637d619f74bc65068e3251,45.87495625019073
b08400358e9f67fa82e463c6,58.89214873313904
821bdd5e3059e35ac4f119cc,19.28213834762573
1ad219936854e9c8ac853596,12.791836261749259
0e33726d21adf899d1b33281,40.77354073524475
b737ce219901378406b8f04c,24.56774115562439
e0599eb8de8284d7fdbb780e,64.82818722724915
0dee2ee3cfd7f874cc1af7ee,59.57311987876892
9e5f85dd9d50a7f72b40e559,11.75651177763938
9a6f43541751ed2125bcf28b,65.4242753982544
4b0b31fc852334a52721741c,30.279541015625
920aaf8a022adecf81f4bf9f,23.87715280055999
f6873d261d07be17027c1058,18.65149736404419
9bf83d250e777108833c35d9,78.48553657531738
da935ae16625f5c42975f4b6,30.32662570476532
9090c6e0ea12242dcecbc5ff,58.78227353096008
8b96430c857845d32a6f73c6,54.314178228378296
8f536b9de0255512a0b16a72,39.66932594776153
a45adbee4858116d6379a752,16.79397672414779
6c8d1ebdb08bad6e490ee4be,59.44486856460571
5c8e5f2f8d88eb5310f9e3ee,23.39037507772445
dacbd26ae78fedb7509ec45c,52.11966633796692
ea8fb73aa4090caec33e12bf,79.94018197059631
b9c20c598a34572cbbf36514,21.267956495285027
9f3266725042f0937cedb043,79.51955795288086
0bcfe29cc1da37be9ec626e5,46.70816957950592
ebcd50c0fc9132cbea552726,34.57472622394562
07fcfdabf2d8eb998b772976,65.8677339553833
5ad4f6c5d7f105fb7ac79aea,34.36582386493683
fa2d9da3b75aa83b63c12810,48.95191788673401
5167733d548cb150d91bb19b,38.21268677711487
7a61a7c58f66e8e383493988,19.82703208923339
59020fec3a757558d966928e,49.41087067127228
b8e2ad3bf5eec63a905f63cf,23.94860386848449
08e5f935890e02c55c4bc3b4,49.74596202373504
ab2e60f3dace09d6c287b65f,44.40649151802063
1b23a6a36de042ae78822f15,63.978493213653564
39bbb456447d4e07f7846db3,34.93820130825043
82a8e105ad05b17062b5fe98,80.02559542655945
69a4d666e213c37864ade5a4,35.33034920692444
64161e153c802c5bc5382e0b,36.99309825897217
27b4a94d7cbe25aa20a5d042,29.33591902256012
79d28830599ac1b2244352b4,66.64364337921143
9dcddc8eec4daff504042b7d,9.77279543876648
7a4475a954763f22c8468130,50.668805837631226
6f3369b3260bbc66fc733f22,30.74658215045929
5456da9cbe097a93dc920e1a,65.01263976097107
51b0cc93001a7a623c7b0fcb,19.29483711719513
a90756718f36f0f5eca12843,78.30037474632263
9ddb5a1c48c0c76fff350b3b,15.621671080589289
ad27e93c732a3205db79925f,29.836469888687127
f3639e4ca2ce41c27a06c58e,40.05053341388702
feb4940aa2ac65e3d97d04f9,46.37962281703949
6221dc34f0cd172c77ebe657,79.4732391834259
39fb133aafe97653f41b582e,29.447919130325317
066d7a66487bbe4007641b91,21.07086926698684
c7f771f0becc601052fbb639,51.46988034248352
14fcc6d526036324d19008ba,55.225974321365356
7b3dee87bc804b91fa46d671,7.49799460172653
eaf8d2e340802f31ecc38c95,13.40421587228775
690e9b3e8a444d31a507d784,20.46447247266769
2293c4a3485f7eb98ec35b2e,79.24891114234924
51d8a3ce4c42fe0981f216e8,56.51872754096985
d0d91bc90d8664302748dd44,47.35350906848907
34133fb60133a4a80be49522,79.23360466957092
d103eb3bd1a0b2f639271bad,34.95786488056183
dd5d001a89108b84935608e5,68.71170997619629
e6a56bf28beb940ada69b03b,79.3673038482666
9fcf9b371410bedd0a9a82c2,44.10863220691681
5ffae5879de704c1f48f1e99,22.19103425741195
bc902cdc19cbf99688a44d94,65.66921472549438
f78ed44cfc32505dd3b9bdc3,33.92907977104187
2d33e1c846c9f65151cb57a1,79.62011098861694
4d1a9a57e32c5fa119b68e14,68.31828355789185
683dda06b54ddd49b1bd13c9,8.940748125314709
997cf23106fa27d51e6148e0,47.94900715351105
ac8de59bc4c5950252a5cec4,60.76387166976929
e55461a2a74bde68dcea496b,21.52457237243652
a16a5de650541d7d20572fdf,8.73772650957107
7ab03305d837029f31d6092e,19.622792303562157
a9ceb70a94766d89d96cd057,59.65540409088135
2202822bf10f1c9457aa0c65,51.96351408958435
26479b3817b446cf2b18cb3b,58.34335684776306
69d8121827603daa9f8330aa,31.082698702812188
c4c25c1e8f3c9891384a3ed8,31.86664581298828
63cd1d7ac4268fc48af7beb5,45.05148530006408
e802988eda7e95fca4fd9d6b,37.38110363483429
f23988135b1da28575d28e88,57.010674476623535
fda4996a5f80073999c613aa,33.178484439849846
14d44106cf0929ed29e7570b,58.5202693939209
b5fede65f9bd611cd0b33195,49.66456890106201
50c73cdb3b55ddbb14a6c398,20.76466679573059
6481e8b1a95ce5637fe8c6eb,58.31656455993652
8da35a7ddf1a4b45f9311214,65.81123471260071
d8e2a5f3af6ceb2d3ef79993,14.844022691249839
bd77c6856904114cd539cc06,59.332287311553955
4e7f2f9d5b6923a14aec58fa,79.52654361724854
78e3964bccd8f2a2a89105f2,36.79812550544739
0148983479ac80f081f9550d,47.04195559024811
4f4b843728acd702f9d7d65f,22.30464220046997
1f3f74601ad1e6311673c94e,25.005492568016052
7c6c78a721404e3e7ffef25e,50.1636803150177
b463a0c0fe192f90a06bd733,17.36478507518768
40d7e4ee08f7b8e630d023d5,25.075912475585938
724ddee5e1ac6e88db81142b,13.663721084594721
bd3b5d8dd50f356f4a273213,29.311451315879822
3f4110e5e5177c3c4da5ccc8,14.32216614484787
2b041fa3ae9fc01fdae9a13a,18.65762770175933
33b3320798bbed60b66cbf4e,50.36909580230713
20d9270a56b06ae0a36116f4,45.976176857948296
1f11527688c4749522271e32,39.78642523288727
8d38c3e46583aca598c4b740,59.00007486343384
88d81cd546bdc982964755b9,79.41486239433289
930a2797aae24e89c402430a,57.0379912853241
8e7c75ca308dfb4194b4910e,57.80622363090515
6f450d11abd1a47f51393da8,30.662092566490166
5632e2630e7c78c12ccdd25b,19.74140107631683
baacfdec06fcfed3c9bbd73a,58.06525945663452
bb6c71cf2c47944c9acbf08a,46.05765640735626
5b15cd029fe6b0052bc8a6b6,31.934615969657898
ca82e7d785b5a07021b8f9df,78.46876382827759
0859c6e51b2407ef4feca76e,78.86922955513
4c4bbead2410e3cb0cd484c0,17.49618202447891
ab84cf4e9698e09ebc775d75,50.78358054161072
2838a2eedb0f6ebe27af31d4,41.34635329246521
04b51d3f68bffbbf1bd181a3,22.149768471717827
68d9342df31c9ace7498f453,79.84887957572937
757793bd16610679a0577f16,21.02258950471878
741335493b2d3f5715699900,37.14311718940735
e08f8f94bb4731015891cf4d,49.795791506767266
ab6b2d914a6474439c48543f,20.46004384756088
4a833d3214d28e112a7c125e,35.26594042778015
c7a93a866710574a09e826ae,32.87869989871979
860e58e6b28ac6c5aee13ae4,47.7501779794693
7e76b4c8bda331fd0813de1a,21.850769221782677
95e95f70195ae8f760341981,38.58821988105774
bfd48b7595816d068a33d4bf,74.8566210269928
6117ec86e3ec8a7df07f8c67,23.396387696266167
d380046364d2a78c426946f6,30.339625477790833
743e0e61a4b31c338a1bde76,19.6501076221466
682a83eccbccb1a1200116cf,67.94253587722778
ea42e786218ee31a28584b97,9.76204052567482
e03a7e850a60dc4f5ad98421,11.687494069337841
c89933ecf1a96dc5989b92ec,47.57223427295685
fcb332c8b8c21c44d4f346f8,15.76726287603378
7522bcb1411332d77bc188e2,50.561290979385376
b9d8e2c89a28a3df10800277,79.7429084777832
bfaa3db92054083ba808ba6c,40.72203934192657
a207c2e8254a7046a940c11c,42.24497377872467
562ea599d0b3e8ae191f741d,32.39552676677704
fa4d97b1907ce90407ee87b9,42.50605702400207
ec5ca82654a252fd1c673531,47.894254326820366
6fd06b828c785b77e19dfdcb,27.99104452133178
5965000d1139d388ebcded80,65.96036553382874
