c657dc0bd1f822f8ff7104a1,14.681518077850338
5ab5a95be3c18dc173fdc18e,19.42620575428009
795996ed006725199e5efc0b,43.72842907905578
ff6946553173184eae036062,11.05497032403945
95e1416bf854594d6716ab25,15.636500716209408
29dbd8d2300642cfd31b4604,78.0445396900177
1d887341bdf775c49d8a0c30,87.21166253089905
77dda6054a517033716f00ff,51.66847109794617
8e4cfa2df03c1076ff189821,13.725858926773071
51846fccdf380d6f09a9699e,6.77933022379875
d6a9e1b6f405e3e061bbc394,22.606392204761498
2dd0edaf5ee6e907b6b87897,54.94709610939026
97bea51b250b322aa61f3212,84.93545055389404
22412ee63a0ce39325b7f1a9,47.45462536811828
5c0a7081614734384197a20b,21.11363559961319
e9b2261621783f80b4cb72ea,5.3614314645528705
02c69da592e90fbb6f731541,74.55043196678162
d58123ff532d0ac98037bfa5,69.24132108688354
807b8bf20474fed92b2f7b2d,4.87290397286415
7a51d406a61788b58f00654b,31.070426106452942
deeda867a81f10037eaee380,41.6973352432251
5cf95b3c90b285622e516e64,34.88240242004394
8ed3496ac812389725ed2060,86.38165593147278
89d3e6cd16abec7b538e75bc,37.38857209682464
ca8e4f72fb82d5b598a0c131,5.66378459334373
5cd3f6666e7920b7ca725490,12.17980980873107
594d085d0b23f685970139d6,75.36853551864624
a89c3c861f5a57a9ade64d27,31.857073307037346
1255127ec5a5db705458c36b,85.04383563995361
f0272f04b8f0e9aeae54ec31,71.60932421684265
3d396cb13ce260fca38b7635,15.83256721496582
fae705f0a7386ce12e070228,15.64988642930984
0f805fd6742e639370f6e6e6,5.28302192687988
52a29beae465afea1dcf9bc1,63.707274198532104
2d84faf896231f94341f20ac,53.7289559841156
406eb6b2215b3e7318fac336,53.35549712181091
814151588161f46e55aa867f,54.06135320663452
72d4a0f9223d8367187b1bcf,7.72985368967056
8e98d43842f6c556ab0d579f,47.29445576667785
134164ae70296696c728d777,68.93489956855774
760358d2e31daf5445893b4b,33.03298354148865
6a9057199e764484cb014bda,5.96605949103832
a64d4113468855bd15f70d16,59.32791829109192
7253b96c3236af5867f5980a,23.44503253698349
7090f27538cef83d0e073b76,31.377923488616936
8df6136ed4fd33771cf26205,12.04383745789527
eb0a454e2f81a918902ec8b6,82.70785808563232
48cc7fa1e7b72963a43caabf,24.55894947052002
0e947e60750cb377dc6a7780,34.528210759162896
5a61d6b195b7894cabf2005f,7.852890342473979
58f8fb1bd72ea866b69fc20f,86.51215434074402
6eca6856a3d488dd1ba7625d,36.16438508033752
769fdbab03f640bb04f9baff,35.81511676311493
47ab392bbbe73c87627abb5b,72.68903851509094
918e989828e9173348d712ee,22.53413796424865
440e71a59c558a99469f38b3,54.29285764694214
e78c9a7a111b79eb34662c2d,7.66146704554557
e0fcc2e69893d04370cadcd9,29.81476187705993
68a1918781a3894dc2b00ce8,84.81277227401733
eba67c42ed61380136d82a3a,44.70864534378052
148133b7eecef2eecffc4799,60.57988405227661
bf54e742997b70d8c40f51ca,24.25324618816375
12af34c2bb9f504ce93a850e,79.29230332374573
278231192ccc0b66774a8637,45.91198265552521
c66c9f875760b1dcb0960edf,41.94554090499878
c65e4791ac98783c679bb8b1,86.10312342643738
f771e545d9294ed64af408c8,73.39712977409363
f47bbb1f66c1415fe69dab61,17.54705160856247
886ae67baf1794926c66dae8,9.42114889621734
c06ddba90a6f952b52e50138,5.741464719176291
3d100129795fa5524ce3b65e,19.458481669425957
9c91fcf7758fbf79522d90a5,85.86631417274475
cbec75dc6e3752c9e2e34bef,8.24727192521095
eefaa3ab6827a5adb315df87,47.50292003154754
c30b901092248bc6906c17b7,51.01911425590515
aeb1ad98386d71e6db4b8129,14.87027108669281
a3275271e3df6084a762fcf0,73.85358810424805
558e18e3a3241143e0d4d650,39.63745534420013
da6c3f0c62fba94dbb752a4d,39.58520889282226
454fea627ad84956d8c1ae61,83.57200622558594
78efb747fb54f8a626dd4d84,15.92975258827209
aaf2c612cb68642efa4289a9,14.928857982158661
52a634dfb43a96998294ab65,82.43343234062195
e5daf80b17c3704b9f001945,21.743455529212948
32c4f6b65120e449815e15e7,31.21520578861236
dbf72c5a910c12d897a32e41,86.48645281791687
e05dc8ba6a31805af828a8ac,17.80586242675781
5a8e46fb8fedb9f0380c2669,17.41998493671417
9d2fc5e4305829596cc2e438,25.354647636413567
5cce534c9bb4f8fd6b7b893f,23.97867143154144
3845f846affeba7f233b3cba,25.382336974143982
eded6c4c62c7cee0eff9d5e6,43.76063942909241
4277c59a450544284dd88a6c,64.345383644104
3ebc3c5c7da93d7d6f136911,6.02552257478237
6a143e15ac868db59cbc471c,73.54311943054199
c55d30f9d94883cc84fe1085,7.02365860342979
ad3d8d40f47b7652c52c429d,81.3220739364624
de3257fbd48bb06ecec01c3f,37.01575398445129
1298a3bd86cbaae7fd116631,24.25917983055114
20188397edf47edd45eac2d6,74.46015477180481
3e122f91e9cbbe81c0de394a,30.95400035381317
43ebf2f77e73b00b965038f2,5.70985786616802
d21088c5deb01b3937fbae40,26.84811353683471
d71af8607a921d8f9063d51d,21.13058269023895
a0a51a3fd86207806f0d369c,6.02157153189182
381e7b40d12fe0f903084936,37.862837314605706
b140035826c36bafb6a692aa,41.52061641216278
d8e5c7377aef683d21069ebc,25.37745237350464
4a0ea920262856937fc8abd5,44.42116320133209
668022ed95bd3301650af0fe,38.87441754341125
23138090f018b8efabf3d34a,32.86192417144775
bd19318eb3345bd7bc35147d,16.55610352754593
cf19b937f260a2217f247726,48.95503520965576
699759f01eeaa4d29289769f,72.87473678588867
15ecf191ca865e028a214ea9,52.07517147064209
5c9a976914d09bb4cfa7a753,86.21113300323486
634dbb34b86993a9f23de2e1,7.19756707549095
4a18e04faed1fabb4f173f50,11.34317442774772
34929926fce4b75d199ed172,13.691562414169308
3566fc38c2b7de55dda2694e,75.4587173461914
bda8880dd38703d7636b0d35,33.63469243049621
196efb924419f2a108d00e4c,75.76510906219482
3af14c14dc0978cc87236cf7,65.60372710227966
22c069f56df48764005839d5,50.20964741706848
0fcaae52291c6b452fc9aab9,7.36421272158622
4ce25fdb7c8857563c62bd6b,39.48368728160858
a3b78d7d2a94d61836b0ed9e,47.4910169839859
480854fa6e19254c1cdfbeca,8.692659437656399
60ea7ee34bad41f1cb6c06b8,13.470025360584259
0fec7055fb3acfd0333172ee,10.15123650431633
69ba7099f8d69587e5f0f9a8,11.60738617181778
85cfaeea2bc7e759bfb3401d,39.44973051548004
69ba6356a72481b60b741d75,28.70304882526397
439f377c5730b261e50986b1,30.937042832374573
72c845689517dfeceff813e6,7.62652456760406
8628a83658e553785669f9fb,85.83722710609436
836b8ffc42cfd1b44fc5f2d3,21.79292291402816
44140dd548cf99a06f3760b2,38.42197358608246
98361900025af1e8f9cabf82,48.90514612197876
e56bcbf73ac926fc50f634f8,12.747950851917262
be2dadd90d77266b4c687e6e,50.657474994659424
d76e76f70015acc836f810e4,62.009572982788086
86ae26307d103d02e7f43374,17.23717302083969
2573db2badff1f85ff90353f,7.84213319420814
e27139a212fd085938642b9b,66.47254824638367
3618173b14453875ad4e835a,6.49773702025413
f0724d953991039d1719fa52,84.28406119346619
930b1cd66108d3b9916ff69b,79.52297329902649
1955c093f35379274b993f92,41.81327521800995
9a7307ecf1e52a7ab829ecb1,31.447991728782647
ce17b6b998b4ab28dc0d78ef,18.84317845106125
200eb582c10be606ca974f10,60.11625528335571
76af6c92a8b9b97876c68199,85.30160784721375
948df368ecd2c56cfd040ddd,85.14103293418884
606712b2591935062176077c,36.95472180843353
58f2bc328c74feb558672d70,86.66064143180847
ae34facca35c3bb972593d73,74.31745529174805
220d609465fbbaf33ec3c90e,5.04769086837768
13750d0137d1922d46b1115c,76.89011096954346
62ee715aa90f4bd0e526ade7,70.00706791877747
625fef26177130ce36b3091c,31.438350677490227
05e7a5595e36b6b6b1a2fc0b,72.46342301368713
0d5f9417d52a0173284a4afc,82.99129009246826
848eebe031225fa98d07c130,39.2554372549057
34ce373fb7035f31d87cc70a,78.04673314094543
5d9c52c4f6a95bf815bf9f9d,30.15641570091247
aaa6028b21666bd2852860d1,84.25571918487549
dc38b97aea0c3e107db17a2e,83.2085132598877
af48e93d9f636f2127e403d5,8.393574506044379
eb52ec7f9a575e8487224b3a,40.86337983608246
9e199f1dc4c7bab7e40b58ef,83.22396874427795
416aca7199b561f0b928dd2a,73.454749584198
f0a1ad503f20393c83e58d3a,8.10155943036079
9d278dca79e6d94840318f0f,23.83424639701843
b845b1585e464c3133562663,38.995257019996636
0cd182599e709e92d564cbed,57.574403285980225
4467dbb438cafd796d47c782,48.952344059944146
4f310e25e331034a09dd8b85,85.72611212730408
ff0fa5849212aff1f7634785,9.41420346498489
65464fb74b50614d0a0a91db,20.59583514928817
f3a9e468dfeabf2637f1de45,52.032989263534546
4b20b038454ed66190415090,7.1191579103469795
56bb03c5ab676e02cfb53296,28.58704924583435
331a3f3648e79f02ffeac8da,67.7935242652893
1221e08b0861666c281b9a7b,12.32169792056083
e558f6feadc490a4cfabb60e,7.51483291387558
53c9affe312538e3d1053856,85.00574827194214
06957dbcee3208b0e7d1b919,15.2952641248703
e679f1e2fa158b4dd1d4c30c,12.49706223607063
2e9d89b3d46e66719ccf0d30,10.288958251476279
ddd796295599c7c33d3c7bfc,85.4375422000885
9837ed31e3e40546f4e26dfe,23.60468953847885
bd2f3d767ccd61c0b1b3aa60,14.73438739776611
800184203df11d845faf753d,48.16218316555023
786ef222c93181cb77200d95,42.7289754152298
bdbcdc16fe3c87c9f0c322c8,74.72376823425293
428f0844b9123fb5612bf9e7,67.1857476234436
f231ab0024fa0fdd8adaffbc,66.62995219230652
4cce0cbf0b813bd33e4e684b,13.65035474300384
359d6fe1aec5e75f7be2c2ab,21.88730239868164
1e7cffb7bbb8c72646c5a2a2,28.125593066215508
58485e4f70961c07fb6e1fef,22.473649680614468
bdb5e6ee9b8fadba82b5c4b2,7.45610371232032
a1981ab7835d19a8a6fc85d3,6.12660907208919
cf5b032485382b0e3a512052,86.06365323066711
80ba124a6b16d373fe4b38ba,26.395031809806817
03622d18ab7787dfd7c3c629,33.88130664825439
c29be37011b2d58acac8d44b,54.19172644615173
e2b7f913196a888762e3f01b,25.05329549312591
67cf28d9496bf635592a8891,43.30477714538574
bd7635c52642e8fb6482c038,10.34370437264442
021ed8e9c68be5ef0de420f7,37.60498166084289
8e4517e4bb82f4760af0bc1d,63.364166021347046
a3249bf9afabdfe35ddc9ba7,70.03410458564758
1a9306d20fb744780b04ca80,75.56566596031189
29bd082d36ba6f928d3d0bc0,88.74669075012207
45d1ae259a2b9c87ffc15ed0,10.921358317136761
34248b003ba1cfd3b4e84749,71.28005027770996
b30db97bb2b0e015a9d706f3,22.890278697013848
ed9064631a4c8301ced69701,6.65550380945205
c0fb367a8074636ddeee5ac2,63.01692724227905
e166ececec0ae0812b3b560a,85.28347611427307
818a44c6166f92cb54d5340b,10.36069989204406
6f5fa01db0662a90d62d7686,60.03354787826538
549551f22d20f4e42fbf9ca4,11.39291301369667
3ab6ebe906150fcb15d6f76a,58.633989095687866
91fc018f8874058c8216431f,19.96721923351287
55bd42da64b5e32d02aa5b36,24.71358180046081
b81f0a970d4f639e2fde98f4,86.88886165618896
193a42d31762786e8061e745,5.79464174807071
6e149e0794179dbe3035bc05,65.61129689216614
26ea776b6d7f200f169f3e0e,29.29661571979522
14df0fca229fb9d3aabed097,80.63102960586548
eb8547ba88b563eb876f3bbc,85.36368012428284
e1b864cdbfda8a6cf03b2bae,80.47271966934204
073fa5c0744beb490262dffb,11.42003387212753
4205e8f9a0d0b620fe2131e7,34.205183386802666
1e9cef9bff542b23fe34c9ca,83.75338315963745
1c5e50e821f6e2c5702f80b3,53.26020121574402
09220d6f81b3c95686dc7a3a,75.93280076980591
bf5bd6a0fd96a5a0bf7a1d90,15.50320833921432
cfd995389ec0f9d8196d6d1a,81.12189769744873
156cd925737e1c400ee67633,85.29632091522217
029ec6f392aad400c28ca6ea,76.13514065742493
dba2c150707f5509fe9be418,84.99600291252136
1df1225b370524fc3d5d5210,83.19128155708313
2888b8bf6459a74fb1712583,85.73146462440491
04debc30a634ac625fac9998,61.32768392562866
e51577db7b72a64f7d5513b6,26.698720455169678
774327c8370a9a1e6245d27a,67.59639978408813
d4161b017636a0098b462b91,72.65738248825073
1cc1a4731cce66334fe33a30,18.71384531259536
cb90114499db5c967895f57e,66.23115539550781
d7b9487afe988dd7e8de5745,85.13585925102234
2939c120956e9fb7c7f86219,13.51831704378128
06304d643cd8e6f803f6666a,64.07621502876282
fa3621fc48b98567c9b99df6,69.18094158172607
87ff5bb62d512e3fd72a994c,29.12711501121521
06d70804722c0ef38085e272,20.71306258440017
d0a1c774260c4362100b4601,55.42327165603638
cf5d8c2863c37b0fe81d7731,84.15886163711548
b848f7fee55f8ee7f27cbfb1,38.11589777469635
b0bf147c2c6c73e8326123d0,86.37862205505371
e57abf957ad68181f734b9b9,84.38473343849182
af74ce7fa5d2c749fd22a137,85.56257486343384
c07814011081ed8a16dc3dee,5.61136677861213
2c3adf9267f19066addb3c84,62.938255071640015
f3ce9b8bb05f4b968f38f024,6.28338679671287
0d257c10532e36390e816690,59.55066680908203
be23350683a6ec1d0bce01cc,77.98797488212585
fb0f295ac22b416a7e3514f7,78.96429300308228
0d4185fb0cbccbd1d9345e01,20.248280465602868
59993c41bca84baeae14a422,82.48891830444336
8510165dd8ea85367541327e,18.83619427680969
6e534e0872992e02a0c7bbc1,49.267280101776116
6eaa38044c16c5b521e7e879,87.76675462722778
32c1d43162b3927b06b1b029,37.51257956027984
e9f94fd5952bcdde59b7f11e,24.79349076747894
e958cbd858035cfa0815fb9c,79.59504127502441
162cabb56a01f40e35bebf86,13.51180672645568
7b37cc4398f0e68443cd4a67,58.38051438331604
b66c225fff5eab57ddcda5d7,53.6521852016449
f8519f563d639487a8ede6dc,19.47371810674667
397995f48a8a9fe055c69677,49.15044605731964
83bc3cf692cf167129806803,45.76282799243927
2c9c502c39a308ff4193d3cd,15.36574512720108
0d19ce5b86d64ee39dd65977,20.78016847372055
f6eebddb9905fffdb1b7af05,83.85578989982605
0201412499e1e7212340f13f,20.07689327001571
807c1e3d891d9cf463b423b2,48.14547598361969
89ad7dfdadb5cb2a1b90311b,29.97051775455475
af26de423646ff2035c45d9f,6.597981601953499
4fcddb1f085fffac31464340,27.437281608581536
21ffc1d6315df5f96105c4de,79.19970750808716
d17cbf345ddfac26fc30c5f2,28.67896556854248
c3e806b844ab01a1970e4242,6.340125948190679
97f7de77cf800223f6922693,8.63873064517974
8b0e3326c2bb7c75fe10a1b5,10.91510653495788
5e3c03f3307a2601dc7ed79a,79.91056442260742
7071ae15a43ad97ced65ae1a,17.16921478509903
0205ca67893777f194bb3da2,6.960760056972499
5d9baf229eb5fedae7536a2d,34.10455584526062
e9225c1e4c6246502ff8470d,54.9260139465332
aee97bee781d08be457d65db,34.18728709220886
c7ba2c68fa5f7ad52600e1d3,61.74434423446655
2c39302f257a58ff74296702,46.96811139583587
ad9f62a21999b86018235743,70.27550339698792
ae75cfad7d97f3cc8ce59511,79.6673059463501
543a2b86a4bed1eb38745e17,56.8863570690155
966b9692e0736f1aeb6cc9b1,15.279395878314968
bdea89da62fba3b13cdfc899,14.457140862941738
a0bb346bcee75e2e42004294,83.73220562934875
2c183a16a702dd13d7051605,46.80691361427307
f5f2595b5396fc01df219cf7,9.00254473090171
0482ad6fa398c5943312d1e1,7.23854750394821
b546ba641a6a946fb8721c85,46.28110826015472
2b70b6db96b6b38094fbb3f5,81.81431293487549
8874889dab825e8926410a0b,61.58458590507507
5db24066fe0e9118d9dfbd1e,58.173972368240356
883c1f28b8d64aa7d2c01da0,37.73691952228546
19308480a8a54603acb6137c,9.50686633586883
304bc8d19835072fd7328ca2,21.77073657512664
f38b2e427f7e4982bab04935,41.45256876945495
ceb4f8a9ce4d8d7f23362bf1,66.00950360298157
7378c333f38fe288a30f86d9,51.45350694656372
36d523f2774e82c379c3c707,32.44190514087677
b93ba9c655b224d50a7c9dc5,52.03709006309509
d4d5b69f1a5d589ed99c48ac,16.85108244419098
73019bea4d7956ecd01079ea,13.11012357473373
90dc2a3daa1cbe42217f6a02,22.68918454647064
ec054438a3acd26eacd3c254,17.22632348537445
86119723164fd03f28e569ff,56.527137756347656
084a0a6658192f5b1167f0ca,11.24428361654281
35e92deca01caf216e5307e2,13.37738186120987
6faae7448b7a32f15762062d,16.15956574678421
7c0efab977e45c9d82953ae7,8.91270637512207
f54e2d7c815031226067662b,60.48758625984192
639e37be971a3d74f48f1243,25.358974933624268
ca7e0717924065623dcba048,6.25572353601455
643c61ce3be8e153b844c1c2,50.58308243751526
476d82a07212c17a556482a8,56.02884888648987
7bfbcc119d77299f9fb720c7,13.3429005742073
3695e20473a32cc67c98bd22,68.37875843048096
926d7e2673d7a9e70fa8a3f1,12.775078415870661
5f3163dd58a49663a38abe36,31.619209051132202
287a95f57f834198ca894a71,8.78691747784614
f94505076048218b5e026414,32.44323134422302
1234220604441331998b8c44,35.63176691532135
06004f39a042a54c08e20fdb,9.50802937150001
c638a72d32bacfb51154971c,44.80441212654114
e67d81c95e1896534243cd7e,27.57506072521209
2cc004edcb87ca84df7793ac,36.45773828029632
df7683ea93df1cf4e5a92dd4,28.419265151023858
c333ff8c5eb5ea18c9844f4c,65.13633728027344
f8dca9b30938b66ef811fbc0,8.711894601583479
465a263cf86333b742334d15,48.89146685600281
6cb249168492c6575b22a35d,22.96765744686126
91acd16fdbbf3074409fa267,7.598134875297539
201f18f5b58c5397da695406,24.61918741464615
7941b8908d6df559b11d9ae8,84.43470001220703
aca0dde9b0d9cc2addcc4e34,13.30852657556533
fa6319877311d877e07a78e5,26.605194807052612
c182e4fc95cb571d3beaba22,5.5638201534748
14a6d101d74393ac30c21c59,85.41862964630127
4e9af9564052f1dea5de588f,85.0186288356781
9a3bfd5a3d4b406a25bbc55c,7.76803940534591
4bc5eb1c0b52e69c6d142acd,16.02776795625686
b0ec43c894cf1edc7765217d,30.712789297103882
20a3af90b297630e1b889555,44.24662590026855
a0ab4c0f5bba4504d3344be1,82.18801617622375
77145c64b2c007ed37dd5ca3,61.81572675704956
17e059c1a0f12ff0f746aa66,69.90412473678589
b9b28179bd94454ce5ff5c81,6.49558901786804
56a025174c20eb5cf7cac527,24.63339269161224
3ac237984aca11e0a9c23342,52.93712019920349
386b59dd190cda4c9812b2ad,85.34822463989258
0fb904e87fee649359cb1359,33.869805932044976
176e7479decd180db05198b6,73.53333830833435
c715fda3dff505244ac5fad3,32.53391981124878
205ae72fa43ad2104b2ecb2e,7.21214115619659
213f81824b65a1bbb68e8166,15.535847842693329
deacd521711fa512d3bdad78,25.964149832725518
2981d85f57cf4a4500cca45b,86.49019002914429
ddc9f7ef2fca8a3813a63d15,14.29348140954971
83871684038e400d6abd5163,26.820853352546692
dc596889fb26fbe346518071,17.746686935424798
639b36c295713112c87fd0bd,13.83786052465438
bbf19c669b09c2aafc7448d3,7.67082870006561
b5717ae3dd50c2ba684816b2,63.32421898841858
1901b79154bf91f393c86964,78.64649295806885
76cf7b9b3e4886698551640a,14.740289747714991
9c8e737b8c607a45665ea0b3,7.4053667485713905
762e9fd0dbe5c931ff550c79,7.19826593995094
6e5b4c51c038bbd6e18f57fc,6.92207887768745
aadc4edb21ba89f0b72938d1,83.09833407402039
49d38e329d2cdc37018cd814,70.91935873031616
adbf4dd3417644b53e739669,85.65557599067688
a3374c8eb7bd8efaff54b500,72.36929535865784
62b3b467b646145e169b227f,23.92119467258453
d0b07385506740ce6a94ccc3,11.06830164790153
9d01dd512096c9f8612733a1,7.46706426143646
5ab389ed7e8b6236d674eb59,51.44786238670349
e9d4ed6bfc0c51b805cdaedf,70.78323364257812
81d499cb14f494aa76d0c3f0,17.488723993301388
25c5356820751c5092dcffd7,51.979559659957886
679acd1b95fbc3138383da8a,25.785574316978447
dbcc50aea0ead1c7aa51111f,49.03111457824707
d87499a8f64ff082ddd68d26,28.151440620422356
47e0fe8bec8825fed7ca38b5,47.41096496582031
8d2cec5a0a377e3cee4b4642,47.27692604064941
2e79646327dcd9d02c339cfd,17.482055723667138
f5f83c8654271d4f8cc62616,12.56775557994842
46f8402dc68bc972c1b213bc,74.17729496955872
4cb1154c56d503d5606f4697,57.07501769065857
22c71be2d410c3370219cd70,7.08823949098587
2ad395aa5c641b995b8745a1,83.4434986114502
6d37ed88dc3486108e9546f5,84.18797254562378
5df1bb4a2ca46ed00250f39e,76.71573162078857
5c8d244ae8c0fec5e7692db5,7.9187028110027295
91b162b70bbef8f6376f5fc9,71.96010947227478
393ab4d415e9318fd37f0042,8.81897360086441
2e69f880307314a57ce26105,35.66035032272339
fb1d7e346c0fab8e2cc26835,44.00642216205597
5ed8cdc889b2c845cc6e1deb,84.36786532402039
f2ed29d1fb3694dc475d7af9,61.353617906570435
6ef684f7a6dab61c51a7f33f,78.00326347351074
5642240c9865e9e256228510,74.78018403053284
f2a46bb83d2aa80ca1ab144a,79.63653206825256
27371db34daa9b0714208f0d,33.41110050678253
49ad5e13d4171b71e6756305,15.233379602432251
4e4620f16edcaa5eed3ade07,47.03428447246551
d0f684972cd028a312abb9bb,55.89027404785156
9036908d86f61104ace01829,85.59191226959229
439347743993a24a553d08a9,37.89884746074676
9742c0029cb73c5b32bf2105,22.90619015693664
870cdb302452a5afb56f02c0,60.84368824958801
32f596db1148ffdff3d19d96,82.003915309906
c45a4ae91be728b9ca29fee7,13.65884244441986
a64e3cbb4aaf1b50e686c184,46.69916927814483
d2d8c17a5fc1ca11f8d5960e,81.51600360870361
fdcc4dbba87fad870afd492b,38.34495842456817
c077a60cdffe008550717171,7.73263275623321
5c611ceba27a9a2771dee5d5,66.4296567440033
652ceb2773017883da00ebb4,9.32600945234298
fd762939a9786d3a15a345f3,28.92665266990661
46d82d41b49bfa0b0d4ad78b,14.78087455034256
011dce80c71c4a6890f5a7c3,37.28844225406647
aac2fbd53877fdf36ddb54e3,6.77289217710495
7667df725e54acff7508ed91,38.57749998569488
b013b67910dae4314b4f640c,38.27742636203766
c6c8dac4046d61ceefafb048,11.839815974235531
4963a5d6caf4c69456b7f243,9.40676182508468
af5476f9a42480f83c986f7d,68.70997548103333
e29a04c4d298473e0d55d78a,43.16300749778747
32c70bbfd59b9a8c843bbaa9,51.9845187664032
34d23af17d63b9984b6d7b12,66.54309630393982
25936f4ede1e79c2c03ee416,85.11296510696411
6c444e2bd5198f53955179b2,6.87157362699508
ec9feb2d5748f42d96abc7cf,20.17700225114822
90b74936b88833e4cfc15dc1,83.24718475341797
2f84378329d02fc0e56f383c,42.6171064376831
1f179a9e9a91b59b1fbcd997,50.03054141998291
30da7f502e5c73b4456dc394,62.21417784690857
c9d7077486848abaae3a602a,86.10597848892212
efa0e8c851fe66d5cc973ad2,22.224681079387658
225991aa09d0de95cefefdbd,56.65434002876282
f00ce9a07628c2a13d117ac8,9.87740755081176
e41a303cc7339152d4897486,18.340864777565
ca6e02a1bc19e9eefdd21a12,8.57862085103988
f36dce5963aebb3a5e252bb7,82.5623631477356
706873b6b91ea3bd44c86914,35.19279360771179
124aa9a91fe26886edc67d3f,32.00142383575439
b0bc626f91332d5e159f1a67,35.64904332160949
d874f1b0ff66041bdc6b9396,85.05610227584839
91224247ee73bf1131369bf8,7.09579661488533
01779ecc5bec15cd83c939fb,38.5109007358551
c8c80e92d162b3ff6d40374e,6.912331283092491
9966aa655c83c90b0be8ccb2,30.74321746826172
be42e9ec8db0b49edec3b68b,28.625088930129998
65412ebc99ebdba3864456f5,51.81593298912048
f111f3ab8c3d24650817a5b7,40.33119082450866
48a0c035b3cdb802e57a51e5,85.60907244682312
7e79bebb5a9e076356c30bc3,86.99343204498291
ca2bed91ade50f1f2e7615ae,69.3865180015564
6c486f0dbdbf6c01005b641c,78.81860136985779
ba8fb13cf749722f9fa04cfe,60.30936241149902
5b1dcf8d3ae610130308b34f,73.42522144317627
c801195b9c6414265c2a36eb,77.11578607559204
8bd4947693824fb6823b4f01,8.88510718941688
254831290bf563eb65066279,38.48604559898376
7f93ff8ee3ac7460ca62a172,6.6071957349777195
11ec455ed32c0fc1525ecf05,34.13514792919159
b450641d38b5a96e2727ee28,69.69220638275146
b17620543d3fcbfe1889567e,51.98611617088318
b4ee6610af9f20395bf9f785,18.64794194698333
c6137e954b7ecfd277cd51cc,41.8161541223526
53b96930da37c6c42fb59761,8.6269311606884
ec0c884f33b3b15d301c6061,6.363651156425471
5a8ec1b3c23eb52ca6bc9d7b,34.75300669670105
a849ba38a2e8253498b5d4a6,58.66016149520874
311eb5b6c501a2c4269f3b52,13.280892372131339
741450d5fd842b27e4f4570f,17.81038343906402
0dbff48ddc8e61d306bf7912,77.57701873779297
71f75b85c082b23abdef843b,6.35278671979904
b001a5237a970b4c857e136d,44.44498121738434
79562e1561191073355b6a26,11.28421053290367
5b1c47aba4f0daad251e43b4,42.519891262054436
3902308367147e1491e82306,18.36998164653778
86df1696676dd6c560d36741,57.08663463592529
f3d3761e9a4be5cf80a4e51b,83.63250494003296
4a4bba2b5a90df03340fdca9,67.19351410865784
adcce27fd2db807c726cf994,71.59275412559509
7609027b96a4bed9d0cd736b,82.04216361045837
11285cbc5a4212cd4292e4da,18.28596591949463
eeb9223d010483167a40cecf,8.3138883113861
30b779bdb9e40d594f553883,7.3891900479793495
b9ceed669c31ef5323571d77,21.52608782052993
00bd63befd0c2cf55fecbd01,11.53654530644416
4e5c33862bb031ac8c65c7df,6.50624707341194
c6e37d66cf0b7a6c9d749e75,26.28924250602722
b19bc9317bcfed65ed5de4bb,71.22836709022522
b60079213447dab82288b8d3,81.58476948738098
551d02246aa19ea78a41aab7,33.96578133106231
b30e17c9fefdef15a2cc8d8a,84.27271246910095
175ea7c8a56a396782627bc1,8.809667825698849
c80f42fb46e462351b84e4f3,27.979865670204163
3d8734a31f36062e94ce4b94,40.35677313804626
d595ce8de5fffea0745a34fa,8.14579725265502
37f6b4ed2abd5f3e9899698c,79.7414481639862
aeddd176d903434880365c2d,44.97891068458557
821f1bfebaae2fe0cff4fd77,55.252885818481445
bd35098c408b339a67a92b97,17.15186238288879
5303e70b33dc774f79205f61,31.3128113746643
45577ebcb870a55cfe1fd1eb,68.51703524589539
dd5aa66bf3d4793aa5bade28,39.8104190826416
2a7d90db0bd848584043beb3,30.730456113815308
f04bb83a9ac6e4f0b7e7efff,78.2509446144104
0f2b1b1a0aac577e3110d380,44.67149972915649
3a3e4646c20e40b2b62af533,57.80007243156433
f27d902a27f312d1f4ff31a3,16.47803336381912
544f37cd26089b2e12aa987d,75.76082348823547
16495fd8b41889bd97fbae1a,49.11999106407165
d8a680fce0654c2933193d07,12.71365731954574
df49489032aba4006af3f138,57.28803277015686
41761902933f61a5d9b82f2d,36.16076111793518
8323d3034fe30fac818228a5,14.39807116985321
b4c2b6b1f3e9fa462b67ef0e,20.83930224180221
1c31b5ceeb92307b84d3f2bc,8.458492159843441
d954bcf24696d20cd2f4a7d5,58.951324224472046
d609aef37917ecceb6477ad5,44.35797333717346
29dc0f0223709226ede4dbef,40.6236857175827
c37f16f99ad362db98058444,12.80568540096283
1f4232e3d582ae72d3d44554,86.12813949584961
f82cfcac0b078d4d91d0aca6,33.56125354766845
19c0e0509bda98f9d8774b45,40.77985882759094
6c8745e4c1290ebed7e7319b,7.83903896808624
f695f722b8ecc28fa75c7954,32.91010856628418
4244dfd757d29598cfc6236d,11.36746108531951
1fd685e076bbe1e0ee85c98d,25.48423707485199
d428095eaa4bf48df5116aad,21.78699374198913
2d3f67f569a444318b85a4d7,33.42526853084564
38754817429609f4f58a5c44,12.00289502739906
8a76ccfa58fb34eec1d81b72,50.549960136413574
b4a4e28d680f9cd1856bdf95,7.4981242418289105
26c4198e538a096f7382765c,14.21981006860733
58a79b11f120917feaefdec9,87.14648485183716
f5ff3b3949c05202ee7895f5,53.56894135475159
49e8e79dcb2e8a18e10a81ba,16.2527322769165
515fcc40a54ccb6209ed3406,59.61615443229675
a59a4c7d4bc8cb0eb6b09e58,19.56285685300827
c708f46e0f58f3ce0289772f,41.49066209793091
4ccabc8f42bad975c609a511,60.55001616477966
1ba4d04e63b8bf043bb8f54b,21.73836678266525
4fc53f8f4d7b86fbf1c70ad7,6.09366260468959
ff24601ee49a0141cc5e4141,14.885412156581879
4106eac3316ead98ce80c672,6.754583120346069
7a28d5cd74dfe15b4efc136c,32.36927986145019
ba90aa7797880189287ef776,7.672218233346929
e636fd26516a0fa3e5daca0f,55.45716881752014
a3f99194b8a3fc606fe184e8,13.60671371221542
ea7ba0911929048200730088,79.57597374916077
7db56d21348525e7424e91cc,86.02463603019714
4fd1e30449c591aa213c3d71,59.91327166557312
a7096f61473eac063f4647d3,8.21353644132614
1a5325855ae81e00bd456811,32.90201723575592
c76894dff225675809a95d75,17.84720718860626
53d5e570a163d2f023839a60,16.18040055036544
a84c71f7d3c2e5faa1185785,12.25593909621238
33a8ade05059a97bb0bf6ef8,35.35737693309784
3655bf1969466372f09bad9f,6.87782168388366
be8da91cdbc77c3e5e8b417a,75.24731755256653
c851f6587b5f03c215e42cd7,71.52534127235413
ce68ea22b29e54e512624575,26.375386118888848
07d243bc69fec6b370c885dc,21.01262956857681
57e1276d67accaef1b38266c,83.91557335853577
febc08c3a62d749e6b9d69e9,11.39256134629249
aab3bb14cf4be251a70151a8,30.191439390182488
03bcb5fcb8b316f87553da8b,10.40800809860229
96f4cbdd4d3c820cb23ec4b5,24.58729296922683
f388ee954bedb1faffd40339,70.72821259498596
1ecb2bce130033af19936aa9,17.58704036474228
98ddd13ebc9cd59ff4d1b865,74.77734088897705
f0152fbc1a6d49348863f677,17.36250221729278
a2ad8cb41bb795095f5356f3,25.38602650165558
7509f6d8b8bc5501f4fdfab0,24.18977618217468
db62901c19924d9407b56843,46.03118896484375
ba15348f8a2c960c66e09f00,82.77307748794556
1664e1b4a6723c590bca7e9c,26.050925254821777
592de62c27f1fdadc24339b3,12.585438787937159
0eff407254749571ef66db16,13.8930082321167
18456a5f09e2843e7fe6bde9,84.04882550239563
723d68d1451c6f99d7cf81f2,29.696282744407647
ad72c4ceeb0462378f78c04a,23.72862994670868
5b0f91c5b046f5acbda8b783,21.81354761123657
62961386792f2b1e04b49d0d,7.23010599613189
b80ed5ae2dd006e0d94bb98c,53.93149256706238
1394d2fe987092db97e05aef,6.312254816293709
6c02423942de0dee214b8740,68.09915900230408
b219b73f0f2c2591fe7ecf74,25.61849355697632
cfb29d97fd31fadb9557ffca,20.84338366985321
c42ff580d94b45bc8509f30d,77.44373679161072
1c5d759366fae72128557e3b,30.53471148014068
20be7e4ff598970f2caf7676,56.111764907836914
bb50a4b8fe01f3895183ca03,5.92003017663955
5c7e1545f76405b0992a365c,8.8437519967556
92d0d49b827d0e563c32d24c,7.59797990322113
99aec8c2bfbf7266b103fdd0,56.69646859169006
98fc04678ab57834ff938c4c,24.7965931892395
8ac6b45d17d6fbb51426683f,84.45188999176025
fd592c746d9c3068b51eb9c5,80.1853358745575
63c2bf915906afa1f241901a,6.07802718877792
434e6490aaef8ab3ff5cbbc5,49.99758005142212
c1778f83d14f24382fe1558a,53.447914123535156
5202b5c3e822b744b7245d11,30.80950379371643
65978354bd743a6131421dcd,65.83882570266724
ae298ad66262f456de7fe48f,14.400961995124812
66cbad84cd31f187a81f1cc5,43.718045949935906
64eb1e5255899c888d6e356a,25.90770125389099
60fa77d2e8361d3f7fad9305,8.933469653129569
e79ea177183b652ad31d31c1,8.52976366877555
23f1475f604d6f662ecdaa42,6.86896741390228
8639ea2f978498007128e8c2,45.02680003643036
c3374c1ee02839f6ccc571d8,84.50389504432678
3ecec2dee68aeb36ec9fbe2c,36.27699911594391
54462d5b8304a0c999174300,60.29973030090332
d66646f0f50b6375a22a8613,48.10962677001953
3ecdb8b2c5d94b81c1984538,73.31563830375671
bd18b5b6887018afd70f1f15,10.72226837277412
6c27602b7ba9d4f54ceb9e5d,7.2527192533016205
372437690e0b7d35b41c2544,21.2021142244339
dc46f7ed117bf14af43d80da,22.80123978853225
0843b3dfdb7a2cd10baf9084,36.44111156463623
6f599f781fcef13762ad7f6f,20.24984210729599
b3623405c3f870379770a9c8,23.719510436058037
cb5abd20dcb657c4c03a1419,56.19170069694519
ffa9c439b1d6f05eb5bd1eb6,59.035009145736694
3581ca4f92a8a63b0c2b5fe4,41.48943126201629
390d847af38be6437a7f2c57,5.68435117602348
c43b196a56ea09b1e502008b,13.50898146629333
1410abbc6e4d182099147d1d,23.21061342954635
66ae532d229172189dbc6305,69.01395916938782
32874063b0e8ce5d39f212a0,35.79942286014557
0a01ea4ed560ae24f7c27806,70.1189398765564
01cd94a20e1a532eb4ce17ae,86.95884943008423
3019504694f3b7be1e0035e4,10.93695312738418
c621f82b9c30c653aabe50b6,26.86663568019867
dc3d7be0fbba3fcbff7acf3c,23.881953954696648
50e57f8f54a38506a5caec24,85.19766330718994
831a5919c4520d8751edc0c4,26.860076189041138
8cbe19b42a7d2da9afde677e,25.12112557888031
185f8e944c5e3eda1e1e2ce6,26.09759271144867
ee7aa9b088dbdec7aad25734,7.6956294476985905
6aa6b1fdc22b8d1cea6eeb82,7.11974501609802
3a890352bd70720446ec8d8a,49.38898086547851
69b6f10449adc01b6c4def09,45.55586576461792
8ae7c102d59b50fe3266f93c,84.06535983085632
d33248103dafe169f0b926d3,26.396045088768
109d088cdfb16b1e43d99347,26.165089011192322
2150d5d58b0f1c8eb23136bf,32.49121606349945
0b7e08bc0d01d70f0dc105fa,79.15858626365662
2b7b9f9c4f75e260596ba573,26.535281538963318
dec4e0b1f09e8559883af773,74.18363690376282
4602544942dfdff10fe6feb7,26.060792803764336
6b47ff204a92e6fa177c8ebc,66.21500253677368
f0f8aeac1b1eb9957d1e0ee6,24.466273188591
b40f009da9662ae1d4ad2c34,18.38188171386718
496e0b2307f0c08ff953addc,66.53719544410706
92876cb004c199bef5fd2d93,74.58339333534241
a851ba43699bf3a08127ad19,20.377761125564568
8c39edec2d6a79a1fe2ce8fa,13.005581498146048
506114e8eddffc190899f553,18.57859939336776
4d530db5c0ba02b36d6ae83b,13.741080462932581
fb3abd5917d8df8786dd17b3,67.6556944847107
bc62d75eb132ba256aa1599b,37.101611495018
65982cc4df61d546d1fbc096,52.44483947753906
58bc4ba8eb2adb37b712b4a2,85.12464165687561
a5e3e8433523271688c12a7c,44.97693181037903
62b380490f704050bdf46608,27.37979888916015
4af86b09e2e0c5ea276f0266,6.00360669195652
c983631db11536dd87fcba80,40.94470143318176
76ed9b06db421078a6466c71,41.58422648906708
c3cc35dc6755b7cfdbe20440,19.93755996227264
54a228209153f443ce1a4482,7.542259246110911
0078fb71f206712d54d6d867,40.70832729339599
0c8c1221fe5df9e3a3e3ccff,52.48740315437317
2c1751fad7c7749c3983605c,11.43014878034591
ce0b2203d7dee9ddbed680d8,25.429660081863396
af7792e2d14902ee4bd92496,24.70643669366836
6853589de3ce63cb413e2406,69.3799614906311
bfb3570457b080b6519efbf9,8.2447849214077
a19e380f57cb088cad6bda9d,6.476777046918861
db771bb5822b9bd809da854b,31.77357017993927
97e430790e6e13046a483bc5,45.12168169021606
3622d791c5039aa9fb473a34,31.46482110023498
72d2a2b005a006f0563ef8b7,6.73346221446991
e8b13c8a2556e1aa62feb5eb,9.46116298437118
4c75812582703e50c1ff0bb9,6.50040954351425
f8f557921f28ce0e6750ee6c,10.14854982495307
624dfccb3272d7367fd0887e,46.66000306606293
c89b285fce25cb5dde0522a3,56.96151852607727
0a7b47b5761797c2bd56ecfb,25.73486864566803
2e4470e6d6968f897576dedf,62.32500672340393
4b9326e8d224d1e9f8ead07a,17.21731722354889
c6383f73a5889a589f326812,7.81056955456733
63a5518c3086af0770c69279,13.52443248033523
b6373e08a32b5fc52ddba96c,76.2721598148346
50677b4123e7fce371f374aa,11.17582619190216
acb7132cce7148dc3fbe7358,29.195067286491387
05f3c5af53bd0c2ab6f30e97,11.81365102529525
3c87c17680e9c41fa661e92f,54.313331842422485
27b02737d14592345cc83b19,52.44343876838684
e9507424d6087def081a178f,20.780934393405907
ef27473b7f0ea1d469908001,75.01021027565002
fdf7c9625d05a117ac2d8d75,36.06846630573272
e5ab1f232dd89ca547cebb04,52.44753360748291
68ae06af6629a800df0bbf4a,17.20062792301178
a4a1a4b878d26b0eb6bc4faf,87.43855357170105
38f78774a10e0a7ef1756609,7.1514457464218095
42181f4d066426c9d2c1db84,65.50081372261047
497fdb43774a8f96f4e411d1,83.532053232193
9ac80de78ca3b802a11bf601,30.80715537071228
1f0f03a35e6b40386d2a92af,27.37282216548919
d5cd0f6363ad3a9aaa59e6a0,81.56258463859558
8b714d78c887cd61cf8e91ab,78.08464765548706
120cbefc127d9925d629ace2,12.03464791178703
a58368619b21ab0867e13a45,11.26120761036872
bf57ec1524706bf31a5eab90,46.70408070087433
2dd5fbe6839b72b15eccee49,12.507660686969748
8c13e95e4b7611e84404ea62,86.36674880981445
2abea0ec425aac6a0ef9001f,66.72773361206055
27ca76a40619759d94ea6213,54.732686281204224
42891d2f6cb04ce657ebc398,78.51420044898987
8b081bee5ca178336ebac07a,36.813807487487786
24fdce9795490665d408523f,51.20983123779297
ef1e4066a10733e533a981d1,77.04254984855652
96d02e05fceafe8abcbaea18,23.56259822845459
02d82a9ce99d82b55c409e35,70.16621232032776
023814ee2f4ff2ccfa0e574d,21.62103354930877
5b028224f53ccde5f44340f9,59.197795391082764
6c02a7829173744481a27c51,25.20777285099029
182568d49498f398d2a327b0,13.30151557922363
4753f7a7cff27f012eb45dde,46.86912596225738
2e75f9c0c970c5ff25125e71,82.14966654777527
f540aa27c517c3fe4f2a28f7,85.11567115783691
19e8207c08d027ce980429a9,8.36738422513008
6682c89a549cf8417850a1a0,7.046046853065489
b320babc929275955a1293ff,10.31063869595527
bb4e49ef02bfaaf20b692120,23.16453903913498
41e48fa92c4d7b8021753b91,48.73111844062805
d69c55f4c35d84dcccd7f9ec,68.97504329681396
27946d1ff5f2b7e98bb84830,14.6077960729599
38c139f3cc0e98281687751a,53.21866273880005
1c438c2ec39d77655740cc40,85.49209833145142
6fd34026b5777c31b8bf2059,45.28365135192871
60cc9fa096f97d80a2fdc4f2,46.59088551998138
96a7565b49da596ede3d3a93,79.49573993682861
6af7a8fca532ac2d53371489,43.82057785987854
955c007227b410ace8f67a41,10.80599203705787
2f2e7239bf99b9f7ce166a31,8.30400288105011
e2f2bab252c676668838f745,81.93646669387817
0a2ec2c9670bdb6d180b2e4f,9.522507339715949
6fcfa2aee3c032d1312408d1,62.096887826919556
56ce5fa3bb50e18ae21f8b36,67.49269366264343
8e805f29c1fd9c171ef3bf53,19.90304142236709
be669a0636b4d7a8731ec691,15.81032276153564
31db08922be71ab230427aee,86.0137939453125
a843b374a8038fe6906d214b,44.58270072937011
03482b95674d44c66875c94c,55.04782199859619
1a0e7112aee3ae9d90311d35,86.42457127571106
3b0bb07731125a378527683c,43.504422903060906
6e60fc745eb999aeeac3bead,57.996827363967896
9b9d86c61a95dadab87dca61,28.107890486717217
819c4751e6bff6024bbfefd8,19.84730958938598
ca733b496b18ddffc534b304,29.9907386302948
b7b2a5a555cf690ec8db1178,39.75214660167694
664a65b50ea0efa24686b45a,15.14288187026977
4fc0ba87be06dfcdb884881b,50.259846448898315
5d4b266efbc000c73f764246,59.806954860687256
92baec9f313e822554302434,13.9670118689537
95cc5381813beb3f8de1bb4c,8.15002992749214
22e5c4e689cf5cca27c2294e,85.3672981262207
4a78e620354270b03aba5591,83.76442193984985
a17e25d03774dfa4c4b3e498,36.93992793560028
1a0919414dded19ca0f02be6,32.89069235324859
2af9f2b0156ca33b057e5714,20.311544835567467
390859648c88a11b17e36004,8.97972136735916
77258b3a35f31745be664cc3,7.858303934335701
eb29e92200ea4d0e07c7f4c5,16.65773242712021
767d797a2dff4a1545a9d377,87.03010082244873
70238972f5083208fc6cef67,15.940693020820609
26c0b24411f215e7aeb9c69e,17.53362268209457
41f674f2a3ffda379ce00a29,23.88861030340194
14794d2dbfbbb2f565714969,83.62608551979065
31f50e58b076189c865aa056,63.33214044570923
209107a22844166e1d036caf,81.60543441772461
c59ff2ea174ff7d016655e76,68.8820481300354
7dedec5363d1adc76d9d65b2,18.10328662395477
5f5b04bba330454ce86009a8,81.80041313171387
b4492c50a0d9ef5100e17e71,15.81913530826568
909c2bb2ce2945126cc498f8,31.372511386871338
979b83adfd699a4427350edf,74.80325698852539
3b869503253be8846714f019,37.64917552471161
eabac225a870ebcccf632d3e,14.74600881338119
784943555bd50a56404dd61f,15.3201550245285
d52db25c4a81056468d940af,86.84481382369995
e03a8f820d8bca5d4b484f89,85.87168455123901
772bef0500993a9c88c24ffc,23.44268858432769
2a27fed887ee2de6606bc46b,7.04902783036232
8c09feb89710415f0e49d365,7.43049681186676
c15211f0f0900733d1adb0f9,28.79709303379059
0b72d515f8b49a872ed07c89,74.85195994377136
6ea5d9248f0ba71562bd1abc,34.18146073818207
d3de0d1fdb4b14b1c7d520ea,76.99127793312073
8a21411fac8399d23fa7f23a,41.41440093517303
34f64e250138d860159cf702,19.64774280786514
aedb38dc7b3ea6ec5aa8d9d0,56.865084171295166
ec008630e1ea2d5595a03cc7,39.96769785881042
ef22d19a62ace00edfa1db8f,26.009836792945862
4cb09e1a17ce8059ac6ff4a0,29.349353909492493
59df1016392bcea721b2d4d3,18.57296675443649
0c0d0b7a9d61c5dfd1c25994,81.94393515586853
86dd340f4fdf1ee683bd7613,86.72122955322266
6654116bd7d57a7a85fdb604,58.16115140914917
c982a72d385cbc4e105ff7a3,30.17893135547638
1e504f8f4c2f5177b7186dd8,9.63966697454452
af22f0e29d0697ccb35af141,77.33285427093506
9e62f21073ba25aa77ea36da,85.74573993682861
271874c8ba588f5f76f75689,87.37756609916687
ccc1f7cf83312ace593e131e,58.25286507606506
3281e522251c85bbe2087a30,85.97254157066345
8ae0d21b8c28fc8c133feaa7,20.62756717205047
8a543397b7463dde1422ecc2,30.640247464179993
b3eb9cb80a11cd0f77619c58,79.91002798080444
e9e366364f617591ae5ef17f,81.28930926322937
da0fb3e410726c49df5d217d,12.595756351947779
7805031deda680c31ba16e2d,7.377560436725609
4875d572be0578ed7667a109,11.40769347548484
37ae69f503fa3638dc535f7c,24.3130549788475
332f96b9e8a97e058abb6c59,66.7422354221344
d9670565258501614644adff,28.620874881744378
597d92fbad17d823baf936e6,49.14742410182953
b979df19702949389d848214,82.35066533088684
ac2940557c66cfc9ff80eb07,41.09563529491424
f0822a3ed75eb00bac44ecd7,40.36174714565277
5fa094818fcf5ea827f2772b,12.81930804252624
4eb1059dec983bd32edf058b,65.41181802749634
c0c6d3d4816b9d664e3a08fe,7.21921399235725
4febd5610f4f67591b4f5d9f,78.04052233695984
e0dbbdd43d499c876eee4edc,74.78057146072388
469a51d7e474c0d049261e64,73.42873811721802
df856bb3a31f4662456c2ee3,27.42305696010589
65d7782e2d4ec1d379c77587,16.900670528411858
7b76d9542bbe9f032430740d,75.01228451728821
39bb0a21840a42f421ec4e0c,26.76803767681122
39aeb8010e5a2f54d900dbd9,7.366535067558281
633f1acd90c9784586845af5,47.37642407417297
e0ee613d353287618d2fd6d6,31.517979502677917
586f58cce4eedf0d366689bb,87.73682117462158
94f3351920774c65749d9e37,87.98121809959412
7eb7ac825db1cce14129fc46,49.01626408100128
ef53199ebc462ac3be97d894,26.0979413986206
6ffd76b172aa96b24df3ebc8,13.89479041099548
132c1ad90638ccb7c45c4e2d,21.49680107831955
ec0116ece6032ae1cd01157c,72.71559238433838
631dc95d07390fd4c7996bc0,7.30728879570961
67783597a7680f9ea9002e0d,16.74249768257141
d643d3fcc80615d58905dff5,85.08630990982056
97c880f4870ad1eaf8ba0085,36.64626181125641
521ffadaa2dd399067c6af46,19.33261603116989
68aa809a8869c33433e02997,54.14561629295349
6ccaa4c4e2dd7a252e3de2d0,86.58729195594788
c487a2058ef28dbbff2bb963,14.60272073745727
e492ac86e1a9ecf8649ada55,8.364814519882199
da28ac18ea96a07a4ae4a93f,7.78772979974746
162225aa1714a5b42a7b0148,62.738198041915894
1b7ec672744ab0eacc719ee7,29.74386811256408
eb6515aa3b396c5e6fa819a2,85.77168583869934
9c810705096103db1f7fb88e,12.739750742912289
66aca0dea90048db92c653f2,35.96840798854828
3cda5fe68f410173a171c27f,47.50525951385498
11f625026556caf49ef8bf55,72.92029857635498
5df204d898fee64bc390703b,83.54707956314087
c55b22a8abacae2bc8456975,75.57008862495422
5e1d2ad12008a4c7433f5d0d,77.97969579696655
d3fe6389dccb4c9a2454efdc,15.3311476111412
591a8c92b297bcb4b441f476,9.61769670248031
9eb0174e927e2c105db99323,8.97081345319747
3fbd5a332e7b486610c522c9,83.44128727912903
d7bc7fc3cc7b85ccb51deaf5,56.38965368270874
0f5e5e0b651b65c82f62d208,71.37717604637146
b54ddd797c61c0d037abae85,49.02706444263458
a222bd3faceddfabd3d520da,60.05012392997742
8bf42b80471a82c7261bce2b,18.08096915483474
b7d29f81289bf0abed7a2807,83.72128009796143
e361cecdd637c6a3d24e386a,29.58425283432007
cde4032faa3f585db6b3d89a,7.99665749073028
9a5c27991314111096ed8343,25.635051727294922
cfeaa972433e7e0b53ec8703,49.36583638191223
57434d93e022e5dbccd06c4c,9.986726939678189
f3c57c6e8d730dba9dda188e,10.332312434911719
4133b6f2096a92a2f534b379,59.09628868103027
3e8640ee0cc60bd00dc48255,71.84982299804688
e8fcdef15f0ef7e0175da8f9,37.42938637733459
99f213109212c63c1537df59,36.14963889122009
204fe6d5eba6a67e034e7f65,33.94974768161773
0f27f645b9d9abb8322722c9,16.10146164894104
d1345c13d60e27ed498df646,18.43092590570449
b6f43eebe43e92bb9e359780,86.54409050941467
36c7f3647271e5ab65ac149b,20.83352655172348
e817c0b38615ccb82e17b24d,24.75387156009674
c6660001427a7fc43418451a,31.746450066566467
93cdb9c6cef789b0aec84029,10.83458960056305
38ecce71f423c4efd46a98a1,84.66151356697083
09b6121b0518041492750f88,74.61400032043457
d7dfafe6281330179253c30b,60.74860692024231
807df976c56ae57a1dc040aa,61.42212152481079
845fa15c2938520ada7ecefb,14.98944759368896
e2181bf394771391ef19dd98,78.79999876022339
8a84d0aa5ab142c234389fa8,62.07450032234192
b1fdcd9e6eace710bb903db8,7.73264989256858
527e8c4b344fc3e4fa63a944,68.71307492256165
d5297a914f73bccee0df50e8,80.2886962890625
eb4256b76cbc8f0029f02781,49.15697276592254
ce1c171c92368e3900e3cc9d,66.20774269104004
a1859f58a12446d3483b9638,58.67534875869751
56a227ed2f019e8582e7626c,29.45341467857361
1de8f8c946c0fe09ca305059,84.19902920722961
90a4b1e4adba3aedf1076909,79.10257577896118
b99f38eab1e0174d1ba5b954,51.13723278045654
b8718e5349088aa8ce235534,13.263975083827969
5831b41126080745d6b8d52f,39.37552869319916
f01103382f65792ff7c86867,36.87456548213959
7b8899c24671bd626765da8c,76.93063020706177
24c651cbb80e85f7a23c59f1,55.36505579948425
22d0036ff89b4ab232831906,15.43927043676376
61fdb2a1a1a4a57850e084e1,19.24145519733429
2b25f036b789b9403ab14ba3,4.39165383577346
4295f08b0dcc195699a41789,21.53924256563186
9b6ea17c2311e251b36f6586,8.92590582370758
d9e5a841afe26664b242d9e6,32.0738285779953
001c6ec05c511f950ef9c0a5,35.99033057689667
0e1a079f38c984f90329da7d,37.0874673128128
37b8829126f2f32369f377c2,10.11181324720382
82de3bcec3c75f2d80d56dd9,85.79776287078857
039ef27a488701e865d45bdc,53.600478172302246
0dc38cc3401eac6cd43c3174,63.97691369056702
d1197628f696952cdc66a7ad,60.485678911209106
ee73c3ea1ba67409f75e6df0,17.03444868326187
b537b2949651cefd9605e1d1,15.181207656860348
e6c4a40ddd0b5af6b17515cd,16.29415154457092
abfdc9b5a4eadf2c4493fe1b,22.11468964815139
e41fe005238205faa5478110,33.91087651252746
bb6a34caedc70dcbbba4f5de,6.60893097519874
35d14947ba09befa016f5727,51.0171115398407
e1d5d355803b10abe3300d28,75.06740093231201
df9bcba4ca4cfe269ecf9768,61.03878617286682
96c14d5a47928e49910312b6,79.00764346122742
e1b14dcb482f26483b075e9c,29.717746376991272
f63d69fe641b205527a8cb25,9.42772477865219
42221386f560fadd1ad4da8f,54.34834361076355
77e9326f6227f063645f03a0,20.01127153635025
d819b0f418276216c9d0c908,6.50129914283752
76781b25c8f4e3c5ede3955e,16.91064536571502
8c4a60223f57048934a32c52,12.524516880512229
74a89eec2ab8d242fe922e88,31.211277842521667
4bdede27cbbb5ab673d4feb3,66.44079685211182
dd665aaf79c6c79651b7594f,57.66809582710266
63d6ae0c3c62c48aa5a33ed1,79.62571382522583
fde9323fa180350d077d64a5,25.14350116252899
6af739cee29e955da2566108,47.25490212440491
8fdaf0baf48dcc2836764866,38.07202875614166
195fede35953df7b791a0046,70.76682448387146
3b5b31d6af7701fe29c42e7c,30.46822547912597
6c62f0765deb5980f7ac4dbe,80.81021904945374
f2cb103ec14a502f6c2f0128,67.16320514678955
0879b29247ec26313415deae,37.67200112342834
af0de597f4124c38d5fe2b07,23.62900376319885
8eaba2d0e45834a43f3b53b8,44.35887634754181
05715c14634fd817ccd2c82d,53.10070514678955
2f210ab3e79e045300fff272,42.12150871753692
1cb873f3c5963d42404151fe,10.65016016364097
28be91115c240c56eaee1e9e,45.27960419654846
baba842ae3bc583b4fa53c06,21.87861800193786
74afab5485122a843238826e,10.14329865574836
748fcbd2b91428134521b8ec,58.06187987327576
f6cd56b3ebd8febe1516efa3,12.04171478748321
5f6acff5c10fc6db9f764c2b,24.28200393915176
db05cda35629846e4a408560,43.84432137012481
4addb2b393dd749953b72283,17.13912487030029
6c4dd5ac247b554fad3de13e,34.23778712749481
106db702799c80a0fe6a8c21,57.98735022544861
d78854898f219b62580242a7,9.41555351018905
d06610a1c04b4e358088159b,30.86874485015869
4e5c11a052118a1ff3a33775,20.51412016153335
47e205ea277bdb0ee2fe0469,33.35061371326446
333b9d9cdbd2d6ba4989edfe,71.96650505065918
84fec9e27acc86c1fe9a87d8,47.7719098329544
04cdc1de82c87da473ccff03,74.52031970024109
3926d92365032a7760bf38be,36.10351979732513
cff2cf53b3fb694c111857c6,57.15551972389221
0e280d7a87413e88fd11ba30,15.64412266016006
2b637d619f74bc65068e3251,72.81292080879211
b08400358e9f67fa82e463c6,74.04358386993408
821bdd5e3059e35ac4f119cc,12.98734843730926
1ad219936854e9c8ac853596,16.54530316591262
0e33726d21adf899d1b33281,53.00646424293518
b737ce219901378406b8f04c,6.582456827163689
e0599eb8de8284d7fdbb780e,82.25140571594238
0dee2ee3cfd7f874cc1af7ee,78.77444624900818
9e5f85dd9d50a7f72b40e559,7.6296292245388
9a6f43541751ed2125bcf28b,40.78505039215088
4b0b31fc852334a52721741c,10.60532331466674
920aaf8a022adecf81f4bf9f,8.26606526970863
f6873d261d07be17027c1058,12.78091073036193
9bf83d250e777108833c35d9,86.54516935348511
da935ae16625f5c42975f4b6,19.09080445766449
9090c6e0ea12242dcecbc5ff,66.96894764900208
8b96430c857845d32a6f73c6,52.75391340255737
8f536b9de0255512a0b16a72,34.29562449455261
a45adbee4858116d6379a752,5.980964377522461
6c8d1ebdb08bad6e490ee4be,74.99505877494812
5c8e5f2f8d88eb5310f9e3ee,5.210306867957111
dacbd26ae78fedb7509ec45c,42.6072359085083
ea8fb73aa4090caec33e12bf,67.32059121131897
b9c20c598a34572cbbf36514,10.41121855378151
9f3266725042f0937cedb043,85.34064292907715
0bcfe29cc1da37be9ec626e5,45.87600827217102
ebcd50c0fc9132cbea552726,21.68041318655014
07fcfdabf2d8eb998b772976,68.1035041809082
5ad4f6c5d7f105fb7ac79aea,13.09139877557754
fa2d9da3b75aa83b63c12810,53.90305519104004
5167733d548cb150d91bb19b,20.65226137638092
7a61a7c58f66e8e383493988,5.745412781834601
59020fec3a757558d966928e,64.64335322380066
b8e2ad3bf5eec63a905f63cf,4.51190210878849
08e5f935890e02c55c4bc3b4,52.166563272476196
ab2e60f3dace09d6c287b65f,37.07687258720398
1b23a6a36de042ae78822f15,85.80854535102844
39bbb456447d4e07f7846db3,30.255237221717827
82a8e105ad05b17062b5fe98,73.50192070007324
69a4d666e213c37864ade5a4,30.88527619838714
64161e153c802c5bc5382e0b,19.591619074344628
27b4a94d7cbe25aa20a5d042,26.28186643123626
79d28830599ac1b2244352b4,54.009926319122314
9dcddc8eec4daff504042b7d,9.04722735285759
7a4475a954763f22c8468130,64.96274471282959
6f3369b3260bbc66fc733f22,28.35884988307953
5456da9cbe097a93dc920e1a,70.77754735946655
51b0cc93001a7a623c7b0fcb,10.14437898993492
a90756718f36f0f5eca12843,86.0483705997467
9ddb5a1c48c0c76fff350b3b,15.319542586803431
ad27e93c732a3205db79925f,11.202246695756909
f3639e4ca2ce41c27a06c58e,42.14755594730377
feb4940aa2ac65e3d97d04f9,55.61560392379761
6221dc34f0cd172c77ebe657,83.0737829208374
39fb133aafe97653f41b582e,12.98587173223495
066d7a66487bbe4007641b91,20.290431380271908
c7f771f0becc601052fbb639,67.33118891716003
14fcc6d526036324d19008ba,44.45065259933471
7b3dee87bc804b91fa46d671,7.994458079338069
eaf8d2e340802f31ecc38c95,13.810810446739191
690e9b3e8a444d31a507d784,7.80975744128227
2293c4a3485f7eb98ec35b2e,85.55278778076172
51d8a3ce4c42fe0981f216e8,82.74681568145752
d0d91bc90d8664302748dd44,41.77759289741516
34133fb60133a4a80be49522,83.43526124954224
d103eb3bd1a0b2f639271bad,56.41442537307739
dd5d001a89108b84935608e5,82.98571705818176
e6a56bf28beb940ada69b03b,76.68489217758179
9fcf9b371410bedd0a9a82c2,52.9216468334198
5ffae5879de704c1f48f1e99,29.081526398658752
bc902cdc19cbf99688a44d94,76.03626251220703
f78ed44cfc32505dd3b9bdc3,18.6824694275856
2d33e1c846c9f65151cb57a1,86.09309196472168
4d1a9a57e32c5fa119b68e14,83.6431622505188
683dda06b54ddd49b1bd13c9,8.21923464536666
997cf23106fa27d51e6148e0,50.48064589500427
ac8de59bc4c5950252a5cec4,51.60804986953735
e55461a2a74bde68dcea496b,6.5382204949855804
a16a5de650541d7d20572fdf,7.72455707192421
7ab03305d837029f31d6092e,6.33171200752258
a9ceb70a94766d89d96cd057,44.37607228755951
2202822bf10f1c9457aa0c65,72.65477180480957
26479b3817b446cf2b18cb3b,63.42165470123291
69d8121827603daa9f8330aa,10.634014010429379
c4c25c1e8f3c9891384a3ed8,33.33665132522583
63cd1d7ac4268fc48af7beb5,62.587231397628784
e802988eda7e95fca4fd9d6b,42.74682998657226
f23988135b1da28575d28e88,60.32934784889221
fda4996a5f80073999c613aa,51.80617570877075
14d44106cf0929ed29e7570b,73.88469576835632
b5fede65f9bd611cd0b33195,77.96195149421692
50c73cdb3b55ddbb14a6c398,19.443665444850918
6481e8b1a95ce5637fe8c6eb,84.32458639144897
8da35a7ddf1a4b45f9311214,84.71612930297852
d8e2a5f3af6ceb2d3ef79993,17.84238666296005
bd77c6856904114cd539cc06,80.6057333946228
4e7f2f9d5b6923a14aec58fa,84.1126561164856
78e3964bccd8f2a2a89105f2,13.89500349760055
0148983479ac80f081f9550d,43.31895411014557
4f4b843728acd702f9d7d65f,23.13125282526016
1f3f74601ad1e6311673c94e,19.4747969508171
7c6c78a721404e3e7ffef25e,66.03873372077942
b463a0c0fe192f90a06bd733,9.74286720156669
40d7e4ee08f7b8e630d023d5,22.2768634557724
724ddee5e1ac6e88db81142b,8.28654766082763
bd3b5d8dd50f356f4a273213,40.94809591770172
3f4110e5e5177c3c4da5ccc8,8.94062966108322
2b041fa3ae9fc01fdae9a13a,13.46144825220108
33b3320798bbed60b66cbf4e,80.53278923034668
20d9270a56b06ae0a36116f4,41.505932807922356
1f11527688c4749522271e32,17.0158103108406
8d38c3e46583aca598c4b740,55.31858801841736
88d81cd546bdc982964755b9,82.67714381217957
930a2797aae24e89c402430a,38.386866450309746
8e7c75ca308dfb4194b4910e,77.04294323921204
6f450d11abd1a47f51393da8,25.63951015472412
5632e2630e7c78c12ccdd25b,26.680785417556763
baacfdec06fcfed3c9bbd73a,76.85731053352356
bb6c71cf2c47944c9acbf08a,49.21954274177551
5b15cd029fe6b0052bc8a6b6,36.20762825012207
ca82e7d785b5a07021b8f9df,86.45502924919128
0859c6e51b2407ef4feca76e,85.13367772102356
4c4bbead2410e3cb0cd484c0,9.37388092279434
ab84cf4e9698e09ebc775d75,57.09801912307739
2838a2eedb0f6ebe27af31d4,18.86921226978302
04b51d3f68bffbbf1bd181a3,7.5486630201339695
68d9342df31c9ace7498f453,84.12507772445679
757793bd16610679a0577f16,8.36261957883834
741335493b2d3f5715699900,49.02531504631042
e08f8f94bb4731015891cf4d,49.60267543792724
ab6b2d914a6474439c48543f,19.89530026912689
4a833d3214d28e112a7c125e,12.901408970355979
c7a93a866710574a09e826ae,13.38646411895752
860e58e6b28ac6c5aee13ae4,66.69509410858154
7e76b4c8bda331fd0813de1a,20.02800703048706
95e95f70195ae8f760341981,37.6263290643692
bfd48b7595816d068a33d4bf,86.11567616462708
6117ec86e3ec8a7df07f8c67,35.15761494636535
d380046364d2a78c426946f6,27.59384512901306
743e0e61a4b31c338a1bde76,25.30225217342376
682a83eccbccb1a1200116cf,76.55966281890869
ea42e786218ee31a28584b97,9.22920256853103
e03a7e850a60dc4f5ad98421,6.78933337330818
c89933ecf1a96dc5989b92ec,58.389174938201904
fcb332c8b8c21c44d4f346f8,13.19298148155212
7522bcb1411332d77bc188e2,74.3370532989502
b9d8e2c89a28a3df10800277,85.33963561058044
bfaa3db92054083ba808ba6c,40.68732857704162
a207c2e8254a7046a940c11c,52.11108922958374
562ea599d0b3e8ae191f741d,45.71854472160339
fa4d97b1907ce90407ee87b9,31.919655203819268
ec5ca82654a252fd1c673531,58.10500383377075
6fd06b828c785b77e19dfdcb,34.55603420734405
5965000d1139d388ebcded80,73.62580299377441
