c657dc0bd1f822f8ff7104a1,29.197982
5ab5a95be3c18dc173fdc18e,29.10755
795996ed006725199e5efc0b,50.16789000000001
ff6946553173184eae036062,18.798411
95e1416bf854594d6716ab25,15.41438
29dbd8d2300642cfd31b4604,81.275904
1d887341bdf775c49d8a0c30,67.283404
77dda6054a517033716f00ff,58.73243
8e4cfa2df03c1076ff189821,30.327418
51846fccdf380d6f09a9699e,17.875914
d6a9e1b6f405e3e061bbc394,24.371040999999998
2dd0edaf5ee6e907b6b87897,68.58965
97bea51b250b322aa61f3212,78.85845
22412ee63a0ce39325b7f1a9,20.454344
5c0a7081614734384197a20b,28.286016000000004
e9b2261621783f80b4cb72ea,18.8995
02c69da592e90fbb6f731541,64.371914
d58123ff532d0ac98037bfa5,58.79418
807b8bf20474fed92b2f7b2d,18.762343
7a51d406a61788b58f00654b,29.705346
deeda867a81f10037eaee380,38.068999999999996
5cf95b3c90b285622e516e64,47.907351999999996
8ed3496ac812389725ed2060,66.099334
89d3e6cd16abec7b538e75bc,33.39366
ca8e4f72fb82d5b598a0c131,17.014886
5cd3f6666e7920b7ca725490,17.904598
594d085d0b23f685970139d6,56.791764
a89c3c861f5a57a9ade64d27,53.015167
1255127ec5a5db705458c36b,72.174776
f0272f04b8f0e9aeae54ec31,74.503005
3d396cb13ce260fca38b7635,24.735860000000002
fae705f0a7386ce12e070228,15.722876999999999
0f805fd6742e639370f6e6e6,20.228545
52a29beae465afea1dcf9bc1,68.70668500000001
2d84faf896231f94341f20ac,39.520854
406eb6b2215b3e7318fac336,64.30527000000001
814151588161f46e55aa867f,51.27544
72d4a0f9223d8367187b1bcf,18.893753999999998
8e98d43842f6c556ab0d579f,49.045685
134164ae70296696c728d777,59.868469999999995
760358d2e31daf5445893b4b,35.93885
6a9057199e764484cb014bda,14.596767999999999
a64d4113468855bd15f70d16,40.573232999999995
7253b96c3236af5867f5980a,31.317186000000003
7090f27538cef83d0e073b76,25.690117
8df6136ed4fd33771cf26205,19.827633
eb0a454e2f81a918902ec8b6,72.176343
48cc7fa1e7b72963a43caabf,42.447257
0e947e60750cb377dc6a7780,35.673034
5a61d6b195b7894cabf2005f,19.605466999999997
58f8fb1bd72ea866b69fc20f,80.00310999999999
6eca6856a3d488dd1ba7625d,34.584868
769fdbab03f640bb04f9baff,44.840586
47ab392bbbe73c87627abb5b,58.48310599999999
918e989828e9173348d712ee,38.255137
440e71a59c558a99469f38b3,57.46707
e78c9a7a111b79eb34662c2d,18.682136
e0fcc2e69893d04370cadcd9,36.78821
68a1918781a3894dc2b00ce8,79.567385
eba67c42ed61380136d82a3a,35.862646
148133b7eecef2eecffc4799,56.371105
bf54e742997b70d8c40f51ca,42.072697999999995
12af34c2bb9f504ce93a850e,51.852864
278231192ccc0b66774a8637,33.608463
c66c9f875760b1dcb0960edf,43.15639
c65e4791ac98783c679bb8b1,80.33266
f771e545d9294ed64af408c8,55.429995
f47bbb1f66c1415fe69dab61,19.224395
886ae67baf1794926c66dae8,25.890819999999998
c06ddba90a6f952b52e50138,18.809037
3d100129795fa5524ce3b65e,27.415770000000002
9c91fcf7758fbf79522d90a5,80.633944
cbec75dc6e3752c9e2e34bef,22.406612
eefaa3ab6827a5adb315df87,38.373217
c30b901092248bc6906c17b7,36.534357
aeb1ad98386d71e6db4b8129,38.319254
a3275271e3df6084a762fcf0,67.64595
558e18e3a3241143e0d4d650,37.037777999999996
da6c3f0c62fba94dbb752a4d,39.004248000000004
454fea627ad84956d8c1ae61,70.90163000000001
78efb747fb54f8a626dd4d84,37.112054
aaf2c612cb68642efa4289a9,33.797637
52a634dfb43a96998294ab65,80.08807300000001
e5daf80b17c3704b9f001945,37.632716
32c4f6b65120e449815e15e7,38.439640000000004
dbf72c5a910c12d897a32e41,77.20769
e05dc8ba6a31805af828a8ac,19.525562
5a8e46fb8fedb9f0380c2669,37.559461999999996
9d2fc5e4305829596cc2e438,26.658523000000002
5cce534c9bb4f8fd6b7b893f,25.900954
3845f846affeba7f233b3cba,28.774442999999998
eded6c4c62c7cee0eff9d5e6,43.914621999999994
4277c59a450544284dd88a6c,55.1928
3ebc3c5c7da93d7d6f136911,18.812074000000003
6a143e15ac868db59cbc471c,55.42693
c55d30f9d94883cc84fe1085,16.303222
ad3d8d40f47b7652c52c429d,70.91942399999999
de3257fbd48bb06ecec01c3f,39.956656
1298a3bd86cbaae7fd116631,37.195504
20188397edf47edd45eac2d6,71.7338
3e122f91e9cbbe81c0de394a,33.053112
43ebf2f77e73b00b965038f2,19.525075
d21088c5deb01b3937fbae40,28.807917
d71af8607a921d8f9063d51d,16.757432
a0a51a3fd86207806f0d369c,18.171509999999998
381e7b40d12fe0f903084936,32.085323
b140035826c36bafb6a692aa,39.093712000000004
d8e5c7377aef683d21069ebc,45.03739
4a0ea920262856937fc8abd5,34.350947
668022ed95bd3301650af0fe,34.696198
23138090f018b8efabf3d34a,53.13253999999999
bd19318eb3345bd7bc35147d,36.903006
cf19b937f260a2217f247726,20.586495
699759f01eeaa4d29289769f,63.15028
15ecf191ca865e028a214ea9,55.2346
5c9a976914d09bb4cfa7a753,75.91819
634dbb34b86993a9f23de2e1,19.554684
4a18e04faed1fabb4f173f50,38.049883
34929926fce4b75d199ed172,23.939346999999998
3566fc38c2b7de55dda2694e,80.22861
bda8880dd38703d7636b0d35,37.805405
196efb924419f2a108d00e4c,71.23101
3af14c14dc0978cc87236cf7,59.62438
22c069f56df48764005839d5,39.828506000000004
0fcaae52291c6b452fc9aab9,19.012986
4ce25fdb7c8857563c62bd6b,32.009527
a3b78d7d2a94d61836b0ed9e,32.256752
480854fa6e19254c1cdfbeca,26.95225
60ea7ee34bad41f1cb6c06b8,36.48502
0fec7055fb3acfd0333172ee,18.495998
69ba7099f8d69587e5f0f9a8,25.025785
85cfaeea2bc7e759bfb3401d,37.951037
69ba6356a72481b60b741d75,28.094977
439f377c5730b261e50986b1,31.580222000000003
72c845689517dfeceff813e6,18.966062
8628a83658e553785669f9fb,77.158564
836b8ffc42cfd1b44fc5f2d3,34.273002000000005
44140dd548cf99a06f3760b2,37.114647
98361900025af1e8f9cabf82,34.175512000000005
e56bcbf73ac926fc50f634f8,27.571174999999997
be2dadd90d77266b4c687e6e,48.753533
d76e76f70015acc836f810e4,51.22923
86ae26307d103d02e7f43374,37.266693000000004
2573db2badff1f85ff90353f,23.89057
e27139a212fd085938642b9b,76.638794
3618173b14453875ad4e835a,20.218813
f0724d953991039d1719fa52,80.08758999999999
930b1cd66108d3b9916ff69b,67.7081
1955c093f35379274b993f92,50.65077
9a7307ecf1e52a7ab829ecb1,43.728966
ce17b6b998b4ab28dc0d78ef,25.94533
200eb582c10be606ca974f10,55.859894
76af6c92a8b9b97876c68199,79.115653
948df368ecd2c56cfd040ddd,81.789607
606712b2591935062176077c,42.900124
58f2bc328c74feb558672d70,81.29189
ae34facca35c3bb972593d73,49.847409999999996
220d609465fbbaf33ec3c90e,20.022891
13750d0137d1922d46b1115c,74.21729
62ee715aa90f4bd0e526ade7,71.487415
625fef26177130ce36b3091c,31.44596
05e7a5595e36b6b6b1a2fc0b,80.566096
0d5f9417d52a0173284a4afc,82.30728
848eebe031225fa98d07c130,55.911106
34ce373fb7035f31d87cc70a,79.76323
5d9c52c4f6a95bf815bf9f9d,44.632733
aaa6028b21666bd2852860d1,81.24932
dc38b97aea0c3e107db17a2e,80.003005
af48e93d9f636f2127e403d5,18.591289
eb52ec7f9a575e8487224b3a,41.117498000000005
9e199f1dc4c7bab7e40b58ef,72.52762
416aca7199b561f0b928dd2a,69.98031999999999
f0a1ad503f20393c83e58d3a,20.335652
9d278dca79e6d94840318f0f,18.903008
b845b1585e464c3133562663,52.490777
0cd182599e709e92d564cbed,79.62871
4467dbb438cafd796d47c782,55.32865
4f310e25e331034a09dd8b85,79.58963999999999
ff0fa5849212aff1f7634785,15.901860000000001
65464fb74b50614d0a0a91db,23.745008000000002
f3a9e468dfeabf2637f1de45,53.858334
4b20b038454ed66190415090,18.954907
56bb03c5ab676e02cfb53296,31.106904
331a3f3648e79f02ffeac8da,55.05068
1221e08b0861666c281b9a7b,19.854677000000002
e558f6feadc490a4cfabb60e,18.937978
53c9affe312538e3d1053856,80.24868
06957dbcee3208b0e7d1b919,22.318575
e679f1e2fa158b4dd1d4c30c,18.744654999999998
2e9d89b3d46e66719ccf0d30,16.433781
ddd796295599c7c33d3c7bfc,81.08564
9837ed31e3e40546f4e26dfe,37.65507
bd2f3d767ccd61c0b1b3aa60,16.874799
800184203df11d845faf753d,38.455847
786ef222c93181cb77200d95,32.037717
bdbcdc16fe3c87c9f0c322c8,64.14842
428f0844b9123fb5612bf9e7,49.907795
f231ab0024fa0fdd8adaffbc,70.747125
4cce0cbf0b813bd33e4e684b,16.499849
359d6fe1aec5e75f7be2c2ab,30.316418
1e7cffb7bbb8c72646c5a2a2,46.396001999999996
58485e4f70961c07fb6e1fef,24.564981
bdb5e6ee9b8fadba82b5c4b2,16.364679
a1981ab7835d19a8a6fc85d3,19.42624
cf5b032485382b0e3a512052,79.013014
80ba124a6b16d373fe4b38ba,26.042646
03622d18ab7787dfd7c3c629,39.798287
c29be37011b2d58acac8d44b,56.775963
e2b7f913196a888762e3f01b,50.3429
67cf28d9496bf635592a8891,29.45855
bd7635c52642e8fb6482c038,17.770909
021ed8e9c68be5ef0de420f7,38.086846
8e4517e4bb82f4760af0bc1d,61.31358
a3249bf9afabdfe35ddc9ba7,80.17392
1a9306d20fb744780b04ca80,75.36711
29bd082d36ba6f928d3d0bc0,80.167586
45d1ae259a2b9c87ffc15ed0,28.92055
34248b003ba1cfd3b4e84749,61.514424999999996
b30db97bb2b0e015a9d706f3,46.226773
ed9064631a4c8301ced69701,19.495763999999998
c0fb367a8074636ddeee5ac2,52.64357
e166ececec0ae0812b3b560a,77.17423
818a44c6166f92cb54d5340b,25.184822
6f5fa01db0662a90d62d7686,46.634695
549551f22d20f4e42fbf9ca4,18.245694
3ab6ebe906150fcb15d6f76a,40.695384000000004
91fc018f8874058c8216431f,27.236426
55bd42da64b5e32d02aa5b36,35.103408
b81f0a970d4f639e2fde98f4,80.11346999999999
193a42d31762786e8061e745,18.474492
6e149e0794179dbe3035bc05,62.34901000000001
26ea776b6d7f200f169f3e0e,40.856212
14df0fca229fb9d3aabed097,53.37496
eb8547ba88b563eb876f3bbc,80.49624
e1b864cdbfda8a6cf03b2bae,61.530989999999996
073fa5c0744beb490262dffb,27.439153
4205e8f9a0d0b620fe2131e7,35.205084
1e9cef9bff542b23fe34c9ca,72.0149
1c5e50e821f6e2c5702f80b3,35.815656000000004
09220d6f81b3c95686dc7a3a,62.6682
bf5bd6a0fd96a5a0bf7a1d90,34.726125
cfd995389ec0f9d8196d6d1a,74.03847
156cd925737e1c400ee67633,80.44814
029ec6f392aad400c28ca6ea,74.65734499999999
dba2c150707f5509fe9be418,72.978044
1df1225b370524fc3d5d5210,74.931496
2888b8bf6459a74fb1712583,77.175516
04debc30a634ac625fac9998,53.78802
e51577db7b72a64f7d5513b6,19.398655
774327c8370a9a1e6245d27a,69.05825
d4161b017636a0098b462b91,61.77924
1cc1a4731cce66334fe33a30,29.626897000000003
cb90114499db5c967895f57e,55.7706
d7b9487afe988dd7e8de5745,78.962475
2939c120956e9fb7c7f86219,26.35236
06304d643cd8e6f803f6666a,39.540556
fa3621fc48b98567c9b99df6,63.8118
87ff5bb62d512e3fd72a994c,43.45102
06d70804722c0ef38085e272,32.343683
d0a1c774260c4362100b4601,49.333262
cf5d8c2863c37b0fe81d7731,72.817194
b848f7fee55f8ee7f27cbfb1,36.064318
b0bf147c2c6c73e8326123d0,80.66752000000001
e57abf957ad68181f734b9b9,71.69009
af74ce7fa5d2c749fd22a137,72.85115
c07814011081ed8a16dc3dee,20.579466
2c3adf9267f19066addb3c84,61.76069400000001
f3ce9b8bb05f4b968f38f024,14.703228
0d257c10532e36390e816690,55.29806000000001
be23350683a6ec1d0bce01cc,78.17905
fb0f295ac22b416a7e3514f7,70.5648
0d4185fb0cbccbd1d9345e01,33.51458
59993c41bca84baeae14a422,81.68670999999999
8510165dd8ea85367541327e,22.294067000000002
6e534e0872992e02a0c7bbc1,49.836373
6eaa38044c16c5b521e7e879,81.11502
32c1d43162b3927b06b1b029,34.867457
e9f94fd5952bcdde59b7f11e,32.394980000000004
e958cbd858035cfa0815fb9c,53.745216
162cabb56a01f40e35bebf86,32.78856
7b37cc4398f0e68443cd4a67,51.310134
b66c225fff5eab57ddcda5d7,42.149535
f8519f563d639487a8ede6dc,22.374596
397995f48a8a9fe055c69677,49.677476
83bc3cf692cf167129806803,59.19468
2c9c502c39a308ff4193d3cd,19.112116
0d19ce5b86d64ee39dd65977,25.202932999999998
f6eebddb9905fffdb1b7af05,63.015043999999996
0201412499e1e7212340f13f,34.09085
807c1e3d891d9cf463b423b2,48.58224
89ad7dfdadb5cb2a1b90311b,22.349261000000002
af26de423646ff2035c45d9f,22.622059999999998
4fcddb1f085fffac31464340,35.430217000000006
21ffc1d6315df5f96105c4de,70.37136000000001
d17cbf345ddfac26fc30c5f2,27.95707
c3e806b844ab01a1970e4242,18.97127
97f7de77cf800223f6922693,20.178534
8b0e3326c2bb7c75fe10a1b5,20.647967
5e3c03f3307a2601dc7ed79a,68.891615
7071ae15a43ad97ced65ae1a,29.661149999999996
0205ca67893777f194bb3da2,19.0337
5d9baf229eb5fedae7536a2d,45.535292999999996
e9225c1e4c6246502ff8470d,47.2765
aee97bee781d08be457d65db,31.258762
c7ba2c68fa5f7ad52600e1d3,52.573519999999995
2c39302f257a58ff74296702,28.734788
ad9f62a21999b86018235743,69.80923
ae75cfad7d97f3cc8ce59511,81.49832500000001
543a2b86a4bed1eb38745e17,56.685275000000004
966b9692e0736f1aeb6cc9b1,18.877201
bdea89da62fba3b13cdfc899,28.764402999999998
a0bb346bcee75e2e42004294,80.02844
2c183a16a702dd13d7051605,46.545583
f5f2595b5396fc01df219cf7,18.947378
0482ad6fa398c5943312d1e1,22.754726
b546ba641a6a946fb8721c85,49.66672
2b70b6db96b6b38094fbb3f5,57.84791
8874889dab825e8926410a0b,78.291756
5db24066fe0e9118d9dfbd1e,78.95254
883c1f28b8d64aa7d2c01da0,51.136756000000005
19308480a8a54603acb6137c,26.423183
304bc8d19835072fd7328ca2,37.10699
f38b2e427f7e4982bab04935,40.640393
ceb4f8a9ce4d8d7f23362bf1,58.69953999999999
7378c333f38fe288a30f86d9,37.158856
36d523f2774e82c379c3c707,31.207123
b93ba9c655b224d50a7c9dc5,35.524826999999995
d4d5b69f1a5d589ed99c48ac,27.29033
73019bea4d7956ecd01079ea,26.39422
90dc2a3daa1cbe42217f6a02,17.703028
ec054438a3acd26eacd3c254,22.511826
86119723164fd03f28e569ff,27.129917999999996
084a0a6658192f5b1167f0ca,15.5139
35e92deca01caf216e5307e2,19.010134
6faae7448b7a32f15762062d,18.005658999999998
7c0efab977e45c9d82953ae7,18.931624
f54e2d7c815031226067662b,31.29888
639e37be971a3d74f48f1243,25.319492999999998
ca7e0717924065623dcba048,20.240873
643c61ce3be8e153b844c1c2,53.648007
476d82a07212c17a556482a8,55.75058000000001
7bfbcc119d77299f9fb720c7,18.426147
3695e20473a32cc67c98bd22,67.569864
926d7e2673d7a9e70fa8a3f1,15.982401
5f3163dd58a49663a38abe36,25.810941999999997
287a95f57f834198ca894a71,18.912035
f94505076048218b5e026414,34.916883999999996
1234220604441331998b8c44,36.82687
06004f39a042a54c08e20fdb,17.281917
c638a72d32bacfb51154971c,19.024272
e67d81c95e1896534243cd7e,19.050454
2cc004edcb87ca84df7793ac,29.527262
df7683ea93df1cf4e5a92dd4,17.337894000000002
c333ff8c5eb5ea18c9844f4c,42.19238
f8dca9b30938b66ef811fbc0,19.804323
465a263cf86333b742334d15,40.967706
6cb249168492c6575b22a35d,24.287339
91acd16fdbbf3074409fa267,18.729946
201f18f5b58c5397da695406,36.30931
7941b8908d6df559b11d9ae8,78.71797699999999
aca0dde9b0d9cc2addcc4e34,16.293426999999998
fa6319877311d877e07a78e5,19.942057
c182e4fc95cb571d3beaba22,16.823411999999998
14a6d101d74393ac30c21c59,79.52391
4e9af9564052f1dea5de588f,80.17859
9a3bfd5a3d4b406a25bbc55c,25.047072999999997
4bc5eb1c0b52e69c6d142acd,29.757196000000004
b0ec43c894cf1edc7765217d,33.635737999999996
20a3af90b297630e1b889555,39.98012
a0ab4c0f5bba4504d3344be1,61.949549999999995
77145c64b2c007ed37dd5ca3,51.914590000000004
17e059c1a0f12ff0f746aa66,63.110679999999995
b9b28179bd94454ce5ff5c81,18.67301
56a025174c20eb5cf7cac527,38.773453
3ac237984aca11e0a9c23342,54.126430000000006
386b59dd190cda4c9812b2ad,80.69071
0fb904e87fee649359cb1359,39.405107
176e7479decd180db05198b6,73.137283
c715fda3dff505244ac5fad3,32.901496
205ae72fa43ad2104b2ecb2e,18.954587
213f81824b65a1bbb68e8166,36.455134
deacd521711fa512d3bdad78,39.78053
2981d85f57cf4a4500cca45b,73.92309
ddc9f7ef2fca8a3813a63d15,38.972455000000004
83871684038e400d6abd5163,37.761489999999995
dc596889fb26fbe346518071,34.900033
639b36c295713112c87fd0bd,36.87916
bbf19c669b09c2aafc7448d3,22.903934
b5717ae3dd50c2ba684816b2,62.80047
1901b79154bf91f393c86964,58.977234
76cf7b9b3e4886698551640a,29.531366
9c8e737b8c607a45665ea0b3,28.294453000000004
762e9fd0dbe5c931ff550c79,18.15581
6e5b4c51c038bbd6e18f57fc,18.979172
aadc4edb21ba89f0b72938d1,75.35601
49d38e329d2cdc37018cd814,65.90867
adbf4dd3417644b53e739669,81.460756
a3374c8eb7bd8efaff54b500,64.92959
62b3b467b646145e169b227f,28.400478
d0b07385506740ce6a94ccc3,19.450232
9d01dd512096c9f8612733a1,19.528796
5ab389ed7e8b6236d674eb59,48.195654
e9d4ed6bfc0c51b805cdaedf,75.30158999999999
81d499cb14f494aa76d0c3f0,22.270851
25c5356820751c5092dcffd7,36.870208
679acd1b95fbc3138383da8a,27.57156
dbcc50aea0ead1c7aa51111f,51.801629999999996
d87499a8f64ff082ddd68d26,37.139022
47e0fe8bec8825fed7ca38b5,40.773076
8d2cec5a0a377e3cee4b4642,52.3632
2e79646327dcd9d02c339cfd,21.915087
f5f83c8654271d4f8cc62616,19.627155
46f8402dc68bc972c1b213bc,56.303464999999996
4cb1154c56d503d5606f4697,39.698717
22c71be2d410c3370219cd70,18.600208
2ad395aa5c641b995b8745a1,63.71785
6d37ed88dc3486108e9546f5,81.10871
5df1bb4a2ca46ed00250f39e,63.94202
5c8d244ae8c0fec5e7692db5,19.004075
91b162b70bbef8f6376f5fc9,60.076153
393ab4d415e9318fd37f0042,20.077232000000002
2e69f880307314a57ce26105,21.797846
fb1d7e346c0fab8e2cc26835,54.411339999999996
5ed8cdc889b2c845cc6e1deb,79.073614
f2ed29d1fb3694dc475d7af9,62.39756
6ef684f7a6dab61c51a7f33f,53.80821
5642240c9865e9e256228510,64.22165600000001
f2a46bb83d2aa80ca1ab144a,71.613306
27371db34daa9b0714208f0d,24.155489
49ad5e13d4171b71e6756305,24.805374
4e4620f16edcaa5eed3ade07,24.423268
d0f684972cd028a312abb9bb,63.250499999999995
9036908d86f61104ace01829,79.56882
439347743993a24a553d08a9,45.55923
9742c0029cb73c5b32bf2105,33.444734999999994
870cdb302452a5afb56f02c0,48.120168
32f596db1148ffdff3d19d96,80.169535
c45a4ae91be728b9ca29fee7,17.932712000000002
a64e3cbb4aaf1b50e686c184,38.84354
d2d8c17a5fc1ca11f8d5960e,62.53242
fdcc4dbba87fad870afd492b,33.077594999999995
c077a60cdffe008550717171,18.405759999999997
5c611ceba27a9a2771dee5d5,65.64133
652ceb2773017883da00ebb4,17.732728
fd762939a9786d3a15a345f3,23.263209
46d82d41b49bfa0b0d4ad78b,20.471038
011dce80c71c4a6890f5a7c3,41.757944
aac2fbd53877fdf36ddb54e3,13.871928
7667df725e54acff7508ed91,46.745592
b013b67910dae4314b4f640c,25.839517
c6c8dac4046d61ceefafb048,21.833813
4963a5d6caf4c69456b7f243,29.757531999999998
af5476f9a42480f83c986f7d,74.3193
e29a04c4d298473e0d55d78a,33.383185
32c70bbfd59b9a8c843bbaa9,46.82857
34d23af17d63b9984b6d7b12,51.57416
25936f4ede1e79c2c03ee416,80.35457000000001
6c444e2bd5198f53955179b2,18.035772
ec9feb2d5748f42d96abc7cf,20.60568
90b74936b88833e4cfc15dc1,67.416334
2f84378329d02fc0e56f383c,18.152644000000002
1f179a9e9a91b59b1fbcd997,42.64352
30da7f502e5c73b4456dc394,38.494685000000004
c9d7077486848abaae3a602a,74.41137
efa0e8c851fe66d5cc973ad2,37.33205
225991aa09d0de95cefefdbd,75.38432
f00ce9a07628c2a13d117ac8,23.23676
e41a303cc7339152d4897486,31.011063
ca6e02a1bc19e9eefdd21a12,19.614102
f36dce5963aebb3a5e252bb7,77.51067
706873b6b91ea3bd44c86914,38.571903
124aa9a91fe26886edc67d3f,40.686440000000005
b0bc626f91332d5e159f1a67,48.713958000000005
d874f1b0ff66041bdc6b9396,80.58396
91224247ee73bf1131369bf8,17.517038
01779ecc5bec15cd83c939fb,34.848440000000004
c8c80e92d162b3ff6d40374e,17.939378
9966aa655c83c90b0be8ccb2,27.63068
be42e9ec8db0b49edec3b68b,32.782677
65412ebc99ebdba3864456f5,37.349147
f111f3ab8c3d24650817a5b7,35.23421
48a0c035b3cdb802e57a51e5,71.03038000000001
7e79bebb5a9e076356c30bc3,72.01191
ca2bed91ade50f1f2e7615ae,69.78605
6c486f0dbdbf6c01005b641c,60.991764
ba8fb13cf749722f9fa04cfe,61.339855
5b1dcf8d3ae610130308b34f,50.762784
c801195b9c6414265c2a36eb,74.998194
8bd4947693824fb6823b4f01,25.786769999999997
254831290bf563eb65066279,38.050905
7f93ff8ee3ac7460ca62a172,18.715002
11ec455ed32c0fc1525ecf05,36.200739999999996
b450641d38b5a96e2727ee28,46.852413
b17620543d3fcbfe1889567e,54.208016
b4ee6610af9f20395bf9f785,42.99536
c6137e954b7ecfd277cd51cc,29.520553
53b96930da37c6c42fb59761,18.989101
ec0c884f33b3b15d301c6061,19.452369
5a8ec1b3c23eb52ca6bc9d7b,31.220996
a849ba38a2e8253498b5d4a6,56.423235000000005
311eb5b6c501a2c4269f3b52,29.086295
741450d5fd842b27e4f4570f,20.380779
0dbff48ddc8e61d306bf7912,64.584947
71f75b85c082b23abdef843b,19.147755
b001a5237a970b4c857e136d,49.178588
79562e1561191073355b6a26,15.34545
5b1c47aba4f0daad251e43b4,29.080975
3902308367147e1491e82306,43.248513
86df1696676dd6c560d36741,54.56187
f3d3761e9a4be5cf80a4e51b,80.37438
4a4bba2b5a90df03340fdca9,63.93107
adcce27fd2db807c726cf994,54.38123
7609027b96a4bed9d0cd736b,47.217
11285cbc5a4212cd4292e4da,26.963093999999998
eeb9223d010483167a40cecf,19.313382
30b779bdb9e40d594f553883,19.325669
b9ceed669c31ef5323571d77,34.040274999999994
00bd63befd0c2cf55fecbd01,24.678525
4e5c33862bb031ac8c65c7df,17.736922
c6e37d66cf0b7a6c9d749e75,18.955909000000002
b19bc9317bcfed65ed5de4bb,56.048477
b60079213447dab82288b8d3,63.05187
551d02246aa19ea78a41aab7,31.87432
b30e17c9fefdef15a2cc8d8a,80.56695
175ea7c8a56a396782627bc1,19.657831
c80f42fb46e462351b84e4f3,51.14235
3d8734a31f36062e94ce4b94,51.144239999999996
d595ce8de5fffea0745a34fa,23.937359999999998
37f6b4ed2abd5f3e9899698c,70.14956
aeddd176d903434880365c2d,44.793895
821f1bfebaae2fe0cff4fd77,51.47646
bd35098c408b339a67a92b97,19.462079
5303e70b33dc774f79205f61,20.214254
45577ebcb870a55cfe1fd1eb,67.38574
dd5aa66bf3d4793aa5bade28,49.228978
2a7d90db0bd848584043beb3,27.074394
f04bb83a9ac6e4f0b7e7efff,79.40682
0f2b1b1a0aac577e3110d380,35.438642
3a3e4646c20e40b2b62af533,56.623270000000005
f27d902a27f312d1f4ff31a3,20.808987000000002
544f37cd26089b2e12aa987d,79.66936
16495fd8b41889bd97fbae1a,64.45830500000001
d8a680fce0654c2933193d07,27.225064999999997
df49489032aba4006af3f138,51.417047000000004
41761902933f61a5d9b82f2d,38.711017
8323d3034fe30fac818228a5,26.307958
b4c2b6b1f3e9fa462b67ef0e,23.789825
1c31b5ceeb92307b84d3f2bc,19.946659
d954bcf24696d20cd2f4a7d5,46.68578
d609aef37917ecceb6477ad5,44.616345
29dc0f0223709226ede4dbef,36.499396
c37f16f99ad362db98058444,30.222880000000004
1f4232e3d582ae72d3d44554,81.51018
f82cfcac0b078d4d91d0aca6,27.981818000000004
19c0e0509bda98f9d8774b45,40.56114
6c8745e4c1290ebed7e7319b,17.351207
f695f722b8ecc28fa75c7954,39.276406
4244dfd757d29598cfc6236d,19.00545
1fd685e076bbe1e0ee85c98d,25.915536
d428095eaa4bf48df5116aad,36.01682
2d3f67f569a444318b85a4d7,25.159395
38754817429609f4f58a5c44,31.468629999999997
8a76ccfa58fb34eec1d81b72,47.69796
b4a4e28d680f9cd1856bdf95,25.042254000000003
26c4198e538a096f7382765c,36.032465
58a79b11f120917feaefdec9,77.10529000000001
f5ff3b3949c05202ee7895f5,47.303805
49e8e79dcb2e8a18e10a81ba,23.082122
515fcc40a54ccb6209ed3406,54.93792
a59a4c7d4bc8cb0eb6b09e58,20.678988
c708f46e0f58f3ce0289772f,33.858848
4ccabc8f42bad975c609a511,37.72096
1ba4d04e63b8bf043bb8f54b,27.829817000000002
4fc53f8f4d7b86fbf1c70ad7,21.091302
ff24601ee49a0141cc5e4141,18.75484
4106eac3316ead98ce80c672,17.954197999999998
7a28d5cd74dfe15b4efc136c,38.468814
ba90aa7797880189287ef776,18.82525
e636fd26516a0fa3e5daca0f,37.621477
a3f99194b8a3fc606fe184e8,23.408729
ea7ba0911929048200730088,68.30321
7db56d21348525e7424e91cc,76.672095
4fd1e30449c591aa213c3d71,28.868171999999998
a7096f61473eac063f4647d3,24.773955
1a5325855ae81e00bd456811,28.033474000000002
c76894dff225675809a95d75,27.95493
53d5e570a163d2f023839a60,35.299747999999994
a84c71f7d3c2e5faa1185785,24.02668
33a8ade05059a97bb0bf6ef8,35.041842
3655bf1969466372f09bad9f,18.568707
be8da91cdbc77c3e5e8b417a,75.09993
c851f6587b5f03c215e42cd7,62.314606
ce68ea22b29e54e512624575,43.46633
07d243bc69fec6b370c885dc,38.371906
57e1276d67accaef1b38266c,72.0012
febc08c3a62d749e6b9d69e9,29.325655
aab3bb14cf4be251a70151a8,36.600405
03bcb5fcb8b316f87553da8b,16.906029
96f4cbdd4d3c820cb23ec4b5,25.719720000000002
f388ee954bedb1faffd40339,55.464417
1ecb2bce130033af19936aa9,24.074247
98ddd13ebc9cd59ff4d1b865,54.750730000000004
f0152fbc1a6d49348863f677,32.898402
a2ad8cb41bb795095f5356f3,17.358308
7509f6d8b8bc5501f4fdfab0,26.518092
db62901c19924d9407b56843,51.95037
ba15348f8a2c960c66e09f00,53.570753
1664e1b4a6723c590bca7e9c,35.076234
592de62c27f1fdadc24339b3,20.503451000000002
0eff407254749571ef66db16,19.580491
18456a5f09e2843e7fe6bde9,74.1169
723d68d1451c6f99d7cf81f2,37.242514
ad72c4ceeb0462378f78c04a,24.931185
5b0f91c5b046f5acbda8b783,27.832088
62961386792f2b1e04b49d0d,19.775803
b80ed5ae2dd006e0d94bb98c,34.006146
1394d2fe987092db97e05aef,19.09804
6c02423942de0dee214b8740,60.604994999999995
b219b73f0f2c2591fe7ecf74,25.020698000000003
cfb29d97fd31fadb9557ffca,24.266729
c42ff580d94b45bc8509f30d,54.19635
1c5d759366fae72128557e3b,31.605977000000003
20be7e4ff598970f2caf7676,45.426986
bb50a4b8fe01f3895183ca03,19.512816
5c7e1545f76405b0992a365c,22.402938
92d0d49b827d0e563c32d24c,19.159152
99aec8c2bfbf7266b103fdd0,75.0767
98fc04678ab57834ff938c4c,32.313606
8ac6b45d17d6fbb51426683f,79.563904
fd592c746d9c3068b51eb9c5,57.109500000000004
63c2bf915906afa1f241901a,18.574700999999997
434e6490aaef8ab3ff5cbbc5,33.415723
c1778f83d14f24382fe1558a,61.20565
5202b5c3e822b744b7245d11,39.604175000000005
65978354bd743a6131421dcd,50.8113
ae298ad66262f456de7fe48f,33.634377
66cbad84cd31f187a81f1cc5,37.814996
64eb1e5255899c888d6e356a,39.992670000000004
60fa77d2e8361d3f7fad9305,17.584585999999998
e79ea177183b652ad31d31c1,19.99542
23f1475f604d6f662ecdaa42,19.837321
8639ea2f978498007128e8c2,39.30923
c3374c1ee02839f6ccc571d8,79.032856
3ecec2dee68aeb36ec9fbe2c,50.74362
54462d5b8304a0c999174300,52.420497
d66646f0f50b6375a22a8613,41.999444000000004
3ecdb8b2c5d94b81c1984538,61.338395
bd18b5b6887018afd70f1f15,17.738014
6c27602b7ba9d4f54ceb9e5d,19.423412000000003
372437690e0b7d35b41c2544,23.279464
dc46f7ed117bf14af43d80da,27.269327999999998
0843b3dfdb7a2cd10baf9084,31.92081
6f599f781fcef13762ad7f6f,19.104806999999997
b3623405c3f870379770a9c8,49.093348
cb5abd20dcb657c4c03a1419,51.182159999999996
ffa9c439b1d6f05eb5bd1eb6,44.43696
3581ca4f92a8a63b0c2b5fe4,37.424797
390d847af38be6437a7f2c57,21.852121
c43b196a56ea09b1e502008b,31.014957999999996
1410abbc6e4d182099147d1d,23.120348
66ae532d229172189dbc6305,59.714276
32874063b0e8ce5d39f212a0,31.332004
0a01ea4ed560ae24f7c27806,52.47311
01cd94a20e1a532eb4ce17ae,80.42832
3019504694f3b7be1e0035e4,27.597564000000002
c621f82b9c30c653aabe50b6,29.586235
dc3d7be0fbba3fcbff7acf3c,35.387984
50e57f8f54a38506a5caec24,80.72806
831a5919c4520d8751edc0c4,52.599320000000006
8cbe19b42a7d2da9afde677e,29.721832
185f8e944c5e3eda1e1e2ce6,24.946707
ee7aa9b088dbdec7aad25734,18.919317
6aa6b1fdc22b8d1cea6eeb82,19.028962999999997
3a890352bd70720446ec8d8a,50.394225000000006
69b6f10449adc01b6c4def09,63.071257
8ae7c102d59b50fe3266f93c,70.19414
d33248103dafe169f0b926d3,36.45454
109d088cdfb16b1e43d99347,19.487994999999998
2150d5d58b0f1c8eb23136bf,24.555632
0b7e08bc0d01d70f0dc105fa,66.915286
2b7b9f9c4f75e260596ba573,41.192234
dec4e0b1f09e8559883af773,52.837986
4602544942dfdff10fe6feb7,34.725443
6b47ff204a92e6fa177c8ebc,64.332294
f0f8aeac1b1eb9957d1e0ee6,30.933422
b40f009da9662ae1d4ad2c34,36.547585999999995
496e0b2307f0c08ff953addc,71.445477
92876cb004c199bef5fd2d93,67.31657
a851ba43699bf3a08127ad19,22.839977
8c39edec2d6a79a1fe2ce8fa,16.101828
506114e8eddffc190899f553,26.053317999999997
4d530db5c0ba02b36d6ae83b,18.67744
fb3abd5917d8df8786dd17b3,59.098819999999996
bc62d75eb132ba256aa1599b,37.534192
65982cc4df61d546d1fbc096,53.91174600000001
58bc4ba8eb2adb37b712b4a2,80.213714
a5e3e8433523271688c12a7c,39.60379
62b380490f704050bdf46608,18.846144000000002
4af86b09e2e0c5ea276f0266,16.375881
c983631db11536dd87fcba80,39.061692
76ed9b06db421078a6466c71,39.561713
c3cc35dc6755b7cfdbe20440,44.694686
54a228209153f443ce1a4482,18.206906
0078fb71f206712d54d6d867,34.83896
0c8c1221fe5df9e3a3e3ccff,47.92357
2c1751fad7c7749c3983605c,19.713953
ce0b2203d7dee9ddbed680d8,21.555564
af7792e2d14902ee4bd92496,25.808166999999997
6853589de3ce63cb413e2406,57.836527000000004
bfb3570457b080b6519efbf9,18.924025999999998
a19e380f57cb088cad6bda9d,17.839004
db771bb5822b9bd809da854b,35.133383
97e430790e6e13046a483bc5,33.9732
3622d791c5039aa9fb473a34,33.804187
72d2a2b005a006f0563ef8b7,18.877429
e8b13c8a2556e1aa62feb5eb,19.688742
4c75812582703e50c1ff0bb9,17.48284
f8f557921f28ce0e6750ee6c,14.768896000000002
624dfccb3272d7367fd0887e,40.023845
c89b285fce25cb5dde0522a3,55.968386
0a7b47b5761797c2bd56ecfb,19.119474
2e4470e6d6968f897576dedf,69.93406399999999
4b9326e8d224d1e9f8ead07a,23.49946
c6383f73a5889a589f326812,13.058779000000001
63a5518c3086af0770c69279,20.09921
b6373e08a32b5fc52ddba96c,79.78965
50677b4123e7fce371f374aa,33.657947
acb7132cce7148dc3fbe7358,29.557157
05f3c5af53bd0c2ab6f30e97,17.690307
3c87c17680e9c41fa661e92f,52.28293000000001
27b02737d14592345cc83b19,65.29417600000001
e9507424d6087def081a178f,35.209715
ef27473b7f0ea1d469908001,79.379356
fdf7c9625d05a117ac2d8d75,53.028834
e5ab1f232dd89ca547cebb04,47.803196
68ae06af6629a800df0bbf4a,23.464197000000002
a4a1a4b878d26b0eb6bc4faf,78.42796399999999
38f78774a10e0a7ef1756609,19.185084
42181f4d066426c9d2c1db84,63.247330000000005
497fdb43774a8f96f4e411d1,64.14381999999999
9ac80de78ca3b802a11bf601,47.57192
1f0f03a35e6b40386d2a92af,34.205097
d5cd0f6363ad3a9aaa59e6a0,56.04934
8b714d78c887cd61cf8e91ab,62.83244500000001
120cbefc127d9925d629ace2,20.899735
a58368619b21ab0867e13a45,25.583643000000002
bf57ec1524706bf31a5eab90,50.455594000000005
2dd5fbe6839b72b15eccee49,23.052725
8c13e95e4b7611e84404ea62,79.35835
2abea0ec425aac6a0ef9001f,46.40893
27ca76a40619759d94ea6213,39.84644
42891d2f6cb04ce657ebc398,52.172934999999995
8b081bee5ca178336ebac07a,46.761635
24fdce9795490665d408523f,53.15586
ef1e4066a10733e533a981d1,81.30262
96d02e05fceafe8abcbaea18,26.845533
02d82a9ce99d82b55c409e35,53.42974
023814ee2f4ff2ccfa0e574d,32.6062
5b028224f53ccde5f44340f9,35.90621
6c02a7829173744481a27c51,48.26709
182568d49498f398d2a327b0,18.075101
4753f7a7cff27f012eb45dde,36.546633
2e75f9c0c970c5ff25125e71,70.22013700000001
f540aa27c517c3fe4f2a28f7,80.25228
19e8207c08d027ce980429a9,17.99738
6682c89a549cf8417850a1a0,26.846049999999998
b320babc929275955a1293ff,33.929068
bb4e49ef02bfaaf20b692120,41.705826
41e48fa92c4d7b8021753b91,46.147954
d69c55f4c35d84dcccd7f9ec,65.923756
27946d1ff5f2b7e98bb84830,20.753242
38c139f3cc0e98281687751a,40.851736
1c438c2ec39d77655740cc40,76.14845
6fd34026b5777c31b8bf2059,51.448859999999996
60cc9fa096f97d80a2fdc4f2,52.645797
96a7565b49da596ede3d3a93,65.85119
6af7a8fca532ac2d53371489,32.546645000000005
955c007227b410ace8f67a41,27.401513
2f2e7239bf99b9f7ce166a31,19.012277
e2f2bab252c676668838f745,60.414159999999995
0a2ec2c9670bdb6d180b2e4f,22.368772
6fcfa2aee3c032d1312408d1,49.545908
56ce5fa3bb50e18ae21f8b36,70.02271
8e805f29c1fd9c171ef3bf53,46.273607
be669a0636b4d7a8731ec691,27.1514
31db08922be71ab230427aee,77.98057
a843b374a8038fe6906d214b,41.6024
03482b95674d44c66875c94c,71.63131
1a0e7112aee3ae9d90311d35,80.80157
3b0bb07731125a378527683c,49.90491
6e60fc745eb999aeeac3bead,53.001034000000004
9b9d86c61a95dadab87dca61,37.403664
819c4751e6bff6024bbfefd8,22.570238
ca733b496b18ddffc534b304,38.390654000000005
b7b2a5a555cf690ec8db1178,29.57953
664a65b50ea0efa24686b45a,19.175875
4fc0ba87be06dfcdb884881b,58.21823499999999
5d4b266efbc000c73f764246,47.571942
92baec9f313e822554302434,28.47785
95cc5381813beb3f8de1bb4c,27.066430000000004
22e5c4e689cf5cca27c2294e,71.47049
4a78e620354270b03aba5591,79.375935
a17e25d03774dfa4c4b3e498,51.60107000000001
1a0919414dded19ca0f02be6,50.955784
2af9f2b0156ca33b057e5714,20.316732000000002
390859648c88a11b17e36004,18.716066
77258b3a35f31745be664cc3,14.524312
eb29e92200ea4d0e07c7f4c5,43.725556
767d797a2dff4a1545a9d377,78.49063
70238972f5083208fc6cef67,24.981411
26c0b24411f215e7aeb9c69e,31.188803999999998
41f674f2a3ffda379ce00a29,25.587412999999998
14794d2dbfbbb2f565714969,71.635246
31f50e58b076189c865aa056,51.348317
209107a22844166e1d036caf,80.15082
c59ff2ea174ff7d016655e76,52.353170000000006
7dedec5363d1adc76d9d65b2,34.715143
5f5b04bba330454ce86009a8,80.3457
b4492c50a0d9ef5100e17e71,19.525660000000002
909c2bb2ce2945126cc498f8,50.026673
979b83adfd699a4427350edf,79.15902
3b869503253be8846714f019,49.587986
eabac225a870ebcccf632d3e,33.92227
784943555bd50a56404dd61f,24.047304999999998
d52db25c4a81056468d940af,79.58169000000001
e03a8f820d8bca5d4b484f89,80.50532
772bef0500993a9c88c24ffc,30.27131
2a27fed887ee2de6606bc46b,15.012304000000002
8c09feb89710415f0e49d365,14.391355
c15211f0f0900733d1adb0f9,27.006926999999997
0b72d515f8b49a872ed07c89,80.13472
6ea5d9248f0ba71562bd1abc,38.33257
d3de0d1fdb4b14b1c7d520ea,68.28676999999999
8a21411fac8399d23fa7f23a,38.129744
34f64e250138d860159cf702,37.047416
aedb38dc7b3ea6ec5aa8d9d0,65.08127
ec008630e1ea2d5595a03cc7,58.223987
ef22d19a62ace00edfa1db8f,24.34595
4cb09e1a17ce8059ac6ff4a0,21.012783
59df1016392bcea721b2d4d3,30.721924
0c0d0b7a9d61c5dfd1c25994,67.11468699999999
86dd340f4fdf1ee683bd7613,79.21837000000001
6654116bd7d57a7a85fdb604,77.14001499999999
c982a72d385cbc4e105ff7a3,35.9136
1e504f8f4c2f5177b7186dd8,29.565084000000002
af22f0e29d0697ccb35af141,53.6054
9e62f21073ba25aa77ea36da,78.489035
271874c8ba588f5f76f75689,80.52736
ccc1f7cf83312ace593e131e,53.295296
3281e522251c85bbe2087a30,81.069404
8ae0d21b8c28fc8c133feaa7,46.663272
8a543397b7463dde1422ecc2,37.611124000000004
b3eb9cb80a11cd0f77619c58,78.17604
e9e366364f617591ae5ef17f,56.135863
da0fb3e410726c49df5d217d,18.385917
7805031deda680c31ba16e2d,17.916985999999998
4875d572be0578ed7667a109,21.124299
37ae69f503fa3638dc535f7c,19.153271999999998
332f96b9e8a97e058abb6c59,75.452363
d9670565258501614644adff,28.932208
597d92fbad17d823baf936e6,64.602643
b979df19702949389d848214,56.491923
ac2940557c66cfc9ff80eb07,51.55113300000001
f0822a3ed75eb00bac44ecd7,39.561724999999996
5fa094818fcf5ea827f2772b,18.441474
4eb1059dec983bd32edf058b,71.07703
c0c6d3d4816b9d664e3a08fe,22.57078
4febd5610f4f67591b4f5d9f,81.04173999999999
e0dbbdd43d499c876eee4edc,54.028659999999995
469a51d7e474c0d049261e64,80.17596
df856bb3a31f4662456c2ee3,41.029972
65d7782e2d4ec1d379c77587,18.014373
7b76d9542bbe9f032430740d,69.03805
39bb0a21840a42f421ec4e0c,24.56834
39aeb8010e5a2f54d900dbd9,18.93039
633f1acd90c9784586845af5,53.37292
e0ee613d353287618d2fd6d6,34.830812
586f58cce4eedf0d366689bb,80.108964
94f3351920774c65749d9e37,80.377585
7eb7ac825db1cce14129fc46,35.630414
ef53199ebc462ac3be97d894,33.372279999999996
6ffd76b172aa96b24df3ebc8,19.18627
132c1ad90638ccb7c45c4e2d,32.714215
ec0116ece6032ae1cd01157c,60.14261
631dc95d07390fd4c7996bc0,27.283974999999998
67783597a7680f9ea9002e0d,30.01276
d643d3fcc80615d58905dff5,80.38808
97c880f4870ad1eaf8ba0085,43.102523999999995
521ffadaa2dd399067c6af46,22.42869
68aa809a8869c33433e02997,41.404565999999996
6ccaa4c4e2dd7a252e3de2d0,79.20473
c487a2058ef28dbbff2bb963,37.421447
e492ac86e1a9ecf8649ada55,18.639383000000002
da28ac18ea96a07a4ae4a93f,19.115505
162225aa1714a5b42a7b0148,60.371680000000005
1b7ec672744ab0eacc719ee7,47.27388
eb6515aa3b396c5e6fa819a2,81.46467
9c810705096103db1f7fb88e,25.416023
66aca0dea90048db92c653f2,36.898178
3cda5fe68f410173a171c27f,64.26807
11f625026556caf49ef8bf55,56.157064
5df204d898fee64bc390703b,58.48407
c55b22a8abacae2bc8456975,63.994336
5e1d2ad12008a4c7433f5d0d,79.86640299999999
d3fe6389dccb4c9a2454efdc,40.009119999999996
591a8c92b297bcb4b441f476,23.815723
9eb0174e927e2c105db99323,19.113854
3fbd5a332e7b486610c522c9,80.93593
d7bc7fc3cc7b85ccb51deaf5,56.492966
0f5e5e0b651b65c82f62d208,54.84139999999999
b54ddd797c61c0d037abae85,55.536390000000004
a222bd3faceddfabd3d520da,33.164373000000005
8bf42b80471a82c7261bce2b,25.803821999999997
b7d29f81289bf0abed7a2807,79.22333
e361cecdd637c6a3d24e386a,38.189328
cde4032faa3f585db6b3d89a,19.760823
9a5c27991314111096ed8343,31.439363999999998
cfeaa972433e7e0b53ec8703,46.128052000000004
57434d93e022e5dbccd06c4c,26.890668
f3c57c6e8d730dba9dda188e,19.65261
4133b6f2096a92a2f534b379,52.040189999999996
3e8640ee0cc60bd00dc48255,74.722666
e8fcdef15f0ef7e0175da8f9,39.310711999999995
99f213109212c63c1537df59,34.277928
204fe6d5eba6a67e034e7f65,26.673386
0f27f645b9d9abb8322722c9,18.655571000000002
d1345c13d60e27ed498df646,18.9581
b6f43eebe43e92bb9e359780,79.28790500000001
36c7f3647271e5ab65ac149b,26.857075000000002
e817c0b38615ccb82e17b24d,36.704874
c6660001427a7fc43418451a,26.574382000000004
93cdb9c6cef789b0aec84029,27.12166
38ecce71f423c4efd46a98a1,79.93655
09b6121b0518041492750f88,73.644733
d7dfafe6281330179253c30b,51.417154
807df976c56ae57a1dc040aa,50.478120000000004
845fa15c2938520ada7ecefb,18.9205
e2181bf394771391ef19dd98,75.900406
8a84d0aa5ab142c234389fa8,51.78452
b1fdcd9e6eace710bb903db8,15.445013
527e8c4b344fc3e4fa63a944,76.39066
d5297a914f73bccee0df50e8,51.97502000000001
eb4256b76cbc8f0029f02781,39.952776
ce1c171c92368e3900e3cc9d,80.691695
a1859f58a12446d3483b9638,43.817257999999995
56a227ed2f019e8582e7626c,42.075822
1de8f8c946c0fe09ca305059,78.19990999999999
90a4b1e4adba3aedf1076909,71.668434
b99f38eab1e0174d1ba5b954,40.067735
b8718e5349088aa8ce235534,24.792776
5831b41126080745d6b8d52f,39.231566
f01103382f65792ff7c86867,29.16704
7b8899c24671bd626765da8c,76.67044
24c651cbb80e85f7a23c59f1,57.928985
22d0036ff89b4ab232831906,49.765482999999996
61fdb2a1a1a4a57850e084e1,18.568441
2b25f036b789b9403ab14ba3,23.321187
4295f08b0dcc195699a41789,21.34921
9b6ea17c2311e251b36f6586,19.363019
d9e5a841afe26664b242d9e6,38.12737
001c6ec05c511f950ef9c0a5,41.536605
0e1a079f38c984f90329da7d,35.952406999999994
37b8829126f2f32369f377c2,27.297929999999997
82de3bcec3c75f2d80d56dd9,76.755947
039ef27a488701e865d45bdc,38.395125
0dc38cc3401eac6cd43c3174,55.710519999999995
d1197628f696952cdc66a7ad,52.59515999999999
ee73c3ea1ba67409f75e6df0,23.663525
b537b2949651cefd9605e1d1,17.873292
e6c4a40ddd0b5af6b17515cd,27.466905000000004
abfdc9b5a4eadf2c4493fe1b,45.138425
e41fe005238205faa5478110,18.585141999999998
bb6a34caedc70dcbbba4f5de,19.551913000000003
35d14947ba09befa016f5727,41.198986999999995
e1d5d355803b10abe3300d28,68.09844000000001
df9bcba4ca4cfe269ecf9768,45.302603000000005
96c14d5a47928e49910312b6,63.926315
e1b14dcb482f26483b075e9c,28.100723
f63d69fe641b205527a8cb25,17.294975
42221386f560fadd1ad4da8f,55.822914999999995
77e9326f6227f063645f03a0,49.171057000000005
d819b0f418276216c9d0c908,16.739221
76781b25c8f4e3c5ede3955e,29.043013000000002
8c4a60223f57048934a32c52,40.048632
74a89eec2ab8d242fe922e88,38.558707
4bdede27cbbb5ab673d4feb3,60.00065
dd665aaf79c6c79651b7594f,44.338995
63d6ae0c3c62c48aa5a33ed1,70.694405
fde9323fa180350d077d64a5,35.925183
6af739cee29e955da2566108,41.6258
8fdaf0baf48dcc2836764866,48.136849999999995
195fede35953df7b791a0046,68.737996
3b5b31d6af7701fe29c42e7c,44.379038
6c62f0765deb5980f7ac4dbe,82.09134300000001
f2cb103ec14a502f6c2f0128,44.451335
0879b29247ec26313415deae,52.182007
af0de597f4124c38d5fe2b07,35.12898
8eaba2d0e45834a43f3b53b8,39.837137
05715c14634fd817ccd2c82d,50.712849999999996
2f210ab3e79e045300fff272,51.766276
1cb873f3c5963d42404151fe,19.575519999999997
28be91115c240c56eaee1e9e,39.51325
baba842ae3bc583b4fa53c06,42.438492
74afab5485122a843238826e,26.106927000000002
748fcbd2b91428134521b8ec,53.27449
f6cd56b3ebd8febe1516efa3,28.271039999999996
5f6acff5c10fc6db9f764c2b,36.32323
db05cda35629846e4a408560,47.013393
4addb2b393dd749953b72283,24.330065
6c4dd5ac247b554fad3de13e,51.29647000000001
106db702799c80a0fe6a8c21,50.82676000000001
d78854898f219b62580242a7,20.020328000000003
d06610a1c04b4e358088159b,25.205033999999998
4e5c11a052118a1ff3a33775,40.674114
47e205ea277bdb0ee2fe0469,31.837538
333b9d9cdbd2d6ba4989edfe,60.033333
84fec9e27acc86c1fe9a87d8,42.82148
04cdc1de82c87da473ccff03,65.845054
3926d92365032a7760bf38be,43.22276
cff2cf53b3fb694c111857c6,51.578630000000004
0e280d7a87413e88fd11ba30,19.558840999999997
2b637d619f74bc65068e3251,47.050959999999996
b08400358e9f67fa82e463c6,59.665054
821bdd5e3059e35ac4f119cc,33.17791
1ad219936854e9c8ac853596,23.343635
0e33726d21adf899d1b33281,37.63719
b737ce219901378406b8f04c,21.370085
e0599eb8de8284d7fdbb780e,72.43863
0dee2ee3cfd7f874cc1af7ee,61.3232
9e5f85dd9d50a7f72b40e559,16.930701
9a6f43541751ed2125bcf28b,62.231590000000004
4b0b31fc852334a52721741c,23.042418
920aaf8a022adecf81f4bf9f,17.817353999999998
f6873d261d07be17027c1058,32.03136
9bf83d250e777108833c35d9,79.17547
da935ae16625f5c42975f4b6,27.283305000000002
9090c6e0ea12242dcecbc5ff,59.702664999999996
8b96430c857845d32a6f73c6,55.77474
8f536b9de0255512a0b16a72,39.475519999999996
a45adbee4858116d6379a752,18.874311
6c8d1ebdb08bad6e490ee4be,60.08179
5c8e5f2f8d88eb5310f9e3ee,17.484194
dacbd26ae78fedb7509ec45c,53.261
ea8fb73aa4090caec33e12bf,82.24308500000001
b9c20c598a34572cbbf36514,29.486147000000003
9f3266725042f0937cedb043,78.879994
0bcfe29cc1da37be9ec626e5,47.608504
ebcd50c0fc9132cbea552726,33.451867
07fcfdabf2d8eb998b772976,67.40051
5ad4f6c5d7f105fb7ac79aea,28.065118
fa2d9da3b75aa83b63c12810,49.998419999999996
5167733d548cb150d91bb19b,37.792394
7a61a7c58f66e8e383493988,15.100734
59020fec3a757558d966928e,50.053005999999996
b8e2ad3bf5eec63a905f63cf,18.484983
08e5f935890e02c55c4bc3b4,46.295467
ab2e60f3dace09d6c287b65f,44.391777999999995
1b23a6a36de042ae78822f15,69.45069000000001
39bbb456447d4e07f7846db3,35.807216
82a8e105ad05b17062b5fe98,80.667907
69a4d666e213c37864ade5a4,32.247955
64161e153c802c5bc5382e0b,38.25224
27b4a94d7cbe25aa20a5d042,37.36048
79d28830599ac1b2244352b4,63.14849
9dcddc8eec4daff504042b7d,15.360618
7a4475a954763f22c8468130,54.42245
6f3369b3260bbc66fc733f22,24.50898
5456da9cbe097a93dc920e1a,69.60237000000001
51b0cc93001a7a623c7b0fcb,23.625989999999998
a90756718f36f0f5eca12843,80.01531
9ddb5a1c48c0c76fff350b3b,17.914292
ad27e93c732a3205db79925f,19.612704
f3639e4ca2ce41c27a06c58e,37.738448000000005
feb4940aa2ac65e3d97d04f9,45.360568
6221dc34f0cd172c77ebe657,79.96641
39fb133aafe97653f41b582e,24.149509
066d7a66487bbe4007641b91,36.262208
c7f771f0becc601052fbb639,55.87982
14fcc6d526036324d19008ba,57.77832000000001
7b3dee87bc804b91fa46d671,15.949667000000002
eaf8d2e340802f31ecc38c95,21.535446
690e9b3e8a444d31a507d784,19.404012
2293c4a3485f7eb98ec35b2e,79.74584999999999
51d8a3ce4c42fe0981f216e8,57.4063
d0d91bc90d8664302748dd44,43.143969999999996
34133fb60133a4a80be49522,79.701436
d103eb3bd1a0b2f639271bad,29.18863
dd5d001a89108b84935608e5,76.08003
e6a56bf28beb940ada69b03b,79.63002
9fcf9b371410bedd0a9a82c2,41.271457
5ffae5879de704c1f48f1e99,18.894961
bc902cdc19cbf99688a44d94,69.62959
f78ed44cfc32505dd3b9bdc3,29.775997999999998
2d33e1c846c9f65151cb57a1,81.02032
4d1a9a57e32c5fa119b68e14,68.741924
683dda06b54ddd49b1bd13c9,18.875068
997cf23106fa27d51e6148e0,49.159715
ac8de59bc4c5950252a5cec4,65.20947
e55461a2a74bde68dcea496b,18.772197
a16a5de650541d7d20572fdf,15.26458
7ab03305d837029f31d6092e,20.300062999999998
a9ceb70a94766d89d96cd057,60.496669999999995
2202822bf10f1c9457aa0c65,54.025482999999994
26479b3817b446cf2b18cb3b,62.14744399999999
69d8121827603daa9f8330aa,29.139979999999998
c4c25c1e8f3c9891384a3ed8,30.304468
63cd1d7ac4268fc48af7beb5,43.729603
e802988eda7e95fca4fd9d6b,34.593472
f23988135b1da28575d28e88,61.682653
fda4996a5f80073999c613aa,27.199932999999998
14d44106cf0929ed29e7570b,58.566767
b5fede65f9bd611cd0b33195,65.10345
50c73cdb3b55ddbb14a6c398,20.864506
6481e8b1a95ce5637fe8c6eb,62.40536
8da35a7ddf1a4b45f9311214,72.74986
d8e2a5f3af6ceb2d3ef79993,25.0212
bd77c6856904114cd539cc06,61.21991
4e7f2f9d5b6923a14aec58fa,80.01033
78e3964bccd8f2a2a89105f2,40.11709
0148983479ac80f081f9550d,45.349544
4f4b843728acd702f9d7d65f,30.105843999999998
1f3f74601ad1e6311673c94e,21.708759999999998
7c6c78a721404e3e7ffef25e,52.900389999999994
b463a0c0fe192f90a06bd733,18.283862
40d7e4ee08f7b8e630d023d5,22.847107
724ddee5e1ac6e88db81142b,17.111658
bd3b5d8dd50f356f4a273213,38.901922
3f4110e5e5177c3c4da5ccc8,20.91329
2b041fa3ae9fc01fdae9a13a,28.434222999999996
33b3320798bbed60b66cbf4e,61.89265
20d9270a56b06ae0a36116f4,51.996154000000004
1f11527688c4749522271e32,40.085948
8d38c3e46583aca598c4b740,59.540963000000005
88d81cd546bdc982964755b9,80.019605
930a2797aae24e89c402430a,61.86702
8e7c75ca308dfb4194b4910e,64.401925
6f450d11abd1a47f51393da8,27.31636
5632e2630e7c78c12ccdd25b,17.111437
baacfdec06fcfed3c9bbd73a,63.10517
bb6c71cf2c47944c9acbf08a,53.757906
5b15cd029fe6b0052bc8a6b6,25.592475999999998
ca82e7d785b5a07021b8f9df,75.68849
0859c6e51b2407ef4feca76e,78.78831600000001
4c4bbead2410e3cb0cd484c0,19.181453
ab84cf4e9698e09ebc775d75,52.92461000000001
2838a2eedb0f6ebe27af31d4,47.290194
04b51d3f68bffbbf1bd181a3,17.866670000000003
68d9342df31c9ace7498f453,80.37046
757793bd16610679a0577f16,18.298440999999997
741335493b2d3f5715699900,32.26557
e08f8f94bb4731015891cf4d,52.697605
ab6b2d914a6474439c48543f,18.802604000000002
4a833d3214d28e112a7c125e,32.521752
c7a93a866710574a09e826ae,32.691038
860e58e6b28ac6c5aee13ae4,53.270817
7e76b4c8bda331fd0813de1a,19.847873
95e95f70195ae8f760341981,37.256134
bfd48b7595816d068a33d4bf,78.70286
6117ec86e3ec8a7df07f8c67,38.330707000000004
d380046364d2a78c426946f6,24.501545999999998
743e0e61a4b31c338a1bde76,19.658213999999997
682a83eccbccb1a1200116cf,68.64611000000001
ea42e786218ee31a28584b97,20.04784
e03a7e850a60dc4f5ad98421,15.273511000000001
c89933ecf1a96dc5989b92ec,53.652226999999996
fcb332c8b8c21c44d4f346f8,24.03817
7522bcb1411332d77bc188e2,52.21374600000001
b9d8e2c89a28a3df10800277,78.30519
bfaa3db92054083ba808ba6c,42.999974
a207c2e8254a7046a940c11c,41.563835999999995
562ea599d0b3e8ae191f741d,28.868115
fa4d97b1907ce90407ee87b9,41.240847
ec5ca82654a252fd1c673531,49.909957999999996
6fd06b828c785b77e19dfdcb,25.336382
5965000d1139d388ebcded80,69.37697
