c657dc0bd1f822f8ff7104a1,10.48828363418579
5ab5a95be3c18dc173fdc18e,23.03173094987869
795996ed006725199e5efc0b,35.32477915287018
ff6946553173184eae036062,11.73651963472366
95e1416bf854594d6716ab25,22.8105753660202
29dbd8d2300642cfd31b4604,70.14649510383606
1d887341bdf775c49d8a0c30,86.830073595047
77dda6054a517033716f00ff,46.24583721160888
8e4cfa2df03c1076ff189821,11.53939589858055
51846fccdf380d6f09a9699e,5.64197339117527
d6a9e1b6f405e3e061bbc394,24.25699979066848
2dd0edaf5ee6e907b6b87897,47.91106283664703
97bea51b250b322aa61f3212,78.80799174308777
22412ee63a0ce39325b7f1a9,57.38593339920044
5c0a7081614734384197a20b,17.835794389247887
e9b2261621783f80b4cb72ea,5.5828645825386
02c69da592e90fbb6f731541,66.97024703025818
d58123ff532d0ac98037bfa5,62.69010305404663
807b8bf20474fed92b2f7b2d,4.79763410985469
7a51d406a61788b58f00654b,38.37090134620666
deeda867a81f10037eaee380,44.78443264961242
5cf95b3c90b285622e516e64,28.010272979736328
8ed3496ac812389725ed2060,86.14198565483093
89d3e6cd16abec7b538e75bc,42.19118356704712
ca8e4f72fb82d5b598a0c131,5.22330030798912
5cd3f6666e7920b7ca725490,10.46739891171455
594d085d0b23f685970139d6,69.40329074859619
a89c3c861f5a57a9ade64d27,26.98631584644317
1255127ec5a5db705458c36b,82.59289264678955
f0272f04b8f0e9aeae54ec31,67.55601763725281
3d396cb13ce260fca38b7635,18.153062462806698
fae705f0a7386ce12e070228,21.245212852954857
0f805fd6742e639370f6e6e6,4.989848285913459
52a29beae465afea1dcf9bc1,59.68443751335144
2d84faf896231f94341f20ac,57.0361852645874
406eb6b2215b3e7318fac336,46.05855643749237
814151588161f46e55aa867f,52.6012122631073
72d4a0f9223d8367187b1bcf,8.379001170396801
8e98d43842f6c556ab0d579f,44.12063062191009
134164ae70296696c728d777,65.8631980419159
760358d2e31daf5445893b4b,36.53928637504577
6a9057199e764484cb014bda,7.448695600032799
a64d4113468855bd15f70d16,65.4926061630249
7253b96c3236af5867f5980a,20.00207901000976
7090f27538cef83d0e073b76,36.77029609680176
8df6136ed4fd33771cf26205,11.98621913790702
eb0a454e2f81a918902ec8b6,74.71076250076294
48cc7fa1e7b72963a43caabf,21.820153295993798
0e947e60750cb377dc6a7780,33.32748413085937
5a61d6b195b7894cabf2005f,6.2548942863941095
58f8fb1bd72ea866b69fc20f,85.06227135658264
6eca6856a3d488dd1ba7625d,37.46435642242431
769fdbab03f640bb04f9baff,36.35332882404327
47ab392bbbe73c87627abb5b,71.13955616950989
918e989828e9173348d712ee,17.95182675123214
440e71a59c558a99469f38b3,54.82903718948364
e78c9a7a111b79eb34662c2d,7.55404531955719
e0fcc2e69893d04370cadcd9,26.98565125465393
68a1918781a3894dc2b00ce8,81.1414122581482
eba67c42ed61380136d82a3a,47.014114260673516
148133b7eecef2eecffc4799,64.49931263923645
bf54e742997b70d8c40f51ca,21.53705656528473
12af34c2bb9f504ce93a850e,77.981698513031
278231192ccc0b66774a8637,51.85161828994751
c66c9f875760b1dcb0960edf,42.80982911586761
c65e4791ac98783c679bb8b1,84.05184149742126
f771e545d9294ed64af408c8,71.77627682685852
f47bbb1f66c1415fe69dab61,18.9039796590805
886ae67baf1794926c66dae8,10.069878399372099
c06ddba90a6f952b52e50138,5.52230775356292
3d100129795fa5524ce3b65e,20.549079775810238
9c91fcf7758fbf79522d90a5,83.62981081008911
cbec75dc6e3752c9e2e34bef,8.349894732236859
eefaa3ab6827a5adb315df87,52.17622518539429
c30b901092248bc6906c17b7,57.10049867630005
aeb1ad98386d71e6db4b8129,10.908962041139599
a3275271e3df6084a762fcf0,70.04135251045227
558e18e3a3241143e0d4d650,44.59234774112701
da6c3f0c62fba94dbb752a4d,41.73125326633453
454fea627ad84956d8c1ae61,81.05710744857788
78efb747fb54f8a626dd4d84,16.43886566162109
aaf2c612cb68642efa4289a9,14.31803554296493
52a634dfb43a96998294ab65,75.88357925415039
e5daf80b17c3704b9f001945,27.894896268844597
32c4f6b65120e449815e15e7,33.57329368591308
dbf72c5a910c12d897a32e41,84.24513339996338
e05dc8ba6a31805af828a8ac,22.19950258731842
5a8e46fb8fedb9f0380c2669,17.81589835882187
9d2fc5e4305829596cc2e438,25.88584125041961
5cce534c9bb4f8fd6b7b893f,22.315217554569237
3845f846affeba7f233b3cba,30.18799722194671
eded6c4c62c7cee0eff9d5e6,44.09829080104828
4277c59a450544284dd88a6c,62.5718891620636
3ebc3c5c7da93d7d6f136911,5.60379214584827
6a143e15ac868db59cbc471c,76.13471150398254
c55d30f9d94883cc84fe1085,5.79521544277668
ad3d8d40f47b7652c52c429d,76.52547955513
de3257fbd48bb06ecec01c3f,34.90544557571411
1298a3bd86cbaae7fd116631,29.786914587020867
20188397edf47edd45eac2d6,62.46604919433594
3e122f91e9cbbe81c0de394a,30.54223358631134
43ebf2f77e73b00b965038f2,4.61506769061088
d21088c5deb01b3937fbae40,25.96056163311004
d71af8607a921d8f9063d51d,20.14996111392974
a0a51a3fd86207806f0d369c,6.15190453827381
381e7b40d12fe0f903084936,38.0857765674591
b140035826c36bafb6a692aa,39.74121510982513
d8e5c7377aef683d21069ebc,20.52376717329025
4a0ea920262856937fc8abd5,47.34806716442108
668022ed95bd3301650af0fe,45.07741630077362
23138090f018b8efabf3d34a,33.16890001296997
bd19318eb3345bd7bc35147d,15.75189083814621
cf19b937f260a2217f247726,63.567447662353516
699759f01eeaa4d29289769f,68.26506853103638
15ecf191ca865e028a214ea9,56.92136287689209
5c9a976914d09bb4cfa7a753,84.20068025588989
634dbb34b86993a9f23de2e1,5.48585057258605
4a18e04faed1fabb4f173f50,10.530064254999159
34929926fce4b75d199ed172,12.52515316009521
3566fc38c2b7de55dda2694e,67.04078912734985
bda8880dd38703d7636b0d35,34.44724977016449
196efb924419f2a108d00e4c,64.53102827072144
3af14c14dc0978cc87236cf7,54.95496988296509
22c069f56df48764005839d5,49.36543405056
0fcaae52291c6b452fc9aab9,7.93915316462516
4ce25fdb7c8857563c62bd6b,45.93997299671173
a3b78d7d2a94d61836b0ed9e,45.20974159240722
480854fa6e19254c1cdfbeca,5.96927851438522
60ea7ee34bad41f1cb6c06b8,14.241555333137509
0fec7055fb3acfd0333172ee,13.74842375516891
69ba7099f8d69587e5f0f9a8,12.44920045137405
85cfaeea2bc7e759bfb3401d,42.03826785087585
69ba6356a72481b60b741d75,30.77899515628814
439f377c5730b261e50986b1,24.27263706922531
72c845689517dfeceff813e6,10.292567312717429
8628a83658e553785669f9fb,83.03877711296082
836b8ffc42cfd1b44fc5f2d3,15.90833961963653
44140dd548cf99a06f3760b2,46.50160074234009
98361900025af1e8f9cabf82,46.99306488037109
e56bcbf73ac926fc50f634f8,16.53415411710739
be2dadd90d77266b4c687e6e,43.82455945014953
d76e76f70015acc836f810e4,56.094980239868164
86ae26307d103d02e7f43374,17.32509583234787
2573db2badff1f85ff90353f,6.4071141183376294
e27139a212fd085938642b9b,58.2015335559845
3618173b14453875ad4e835a,5.94647862017154
f0724d953991039d1719fa52,79.79662418365479
930b1cd66108d3b9916ff69b,79.20737862586975
1955c093f35379274b993f92,34.6214085817337
9a7307ecf1e52a7ab829ecb1,27.509969472885132
ce17b6b998b4ab28dc0d78ef,19.98927891254425
200eb582c10be606ca974f10,58.42438340187073
76af6c92a8b9b97876c68199,83.82149338722229
948df368ecd2c56cfd040ddd,81.84217810630798
606712b2591935062176077c,37.64025568962097
58f2bc328c74feb558672d70,85.13655662536621
ae34facca35c3bb972593d73,72.2607672214508
220d609465fbbaf33ec3c90e,4.33795265853405
13750d0137d1922d46b1115c,77.1318793296814
62ee715aa90f4bd0e526ade7,60.364776849746704
625fef26177130ce36b3091c,36.33945882320404
05e7a5595e36b6b6b1a2fc0b,59.98515486717224
0d5f9417d52a0173284a4afc,75.34417510032654
848eebe031225fa98d07c130,34.82656478881836
34ce373fb7035f31d87cc70a,68.53216290473938
5d9c52c4f6a95bf815bf9f9d,26.998314261436462
aaa6028b21666bd2852860d1,75.65133571624756
dc38b97aea0c3e107db17a2e,75.67914724349976
af48e93d9f636f2127e403d5,8.33429023623466
eb52ec7f9a575e8487224b3a,33.94440710544586
9e199f1dc4c7bab7e40b58ef,82.63683319091797
416aca7199b561f0b928dd2a,64.27267789840698
f0a1ad503f20393c83e58d3a,7.96500444412231
9d278dca79e6d94840318f0f,29.69309389591217
b845b1585e464c3133562663,33.80619287490845
0cd182599e709e92d564cbed,48.223772644996636
4467dbb438cafd796d47c782,41.62109196186065
4f310e25e331034a09dd8b85,82.23550915718079
ff0fa5849212aff1f7634785,9.654047340154639
65464fb74b50614d0a0a91db,23.50355833768844
f3a9e468dfeabf2637f1de45,46.50400280952453
4b20b038454ed66190415090,5.98304271697998
56bb03c5ab676e02cfb53296,32.31971561908722
331a3f3648e79f02ffeac8da,60.49632430076599
1221e08b0861666c281b9a7b,14.212684333324429
e558f6feadc490a4cfabb60e,6.20803572237491
53c9affe312538e3d1053856,79.8611581325531
06957dbcee3208b0e7d1b919,15.506318211555481
e679f1e2fa158b4dd1d4c30c,12.58480548858642
2e9d89b3d46e66719ccf0d30,9.97193232178688
ddd796295599c7c33d3c7bfc,81.70312643051147
9837ed31e3e40546f4e26dfe,23.34334701299667
bd2f3d767ccd61c0b1b3aa60,18.25924217700958
800184203df11d845faf753d,53.902918100357056
786ef222c93181cb77200d95,51.02388858795166
bdbcdc16fe3c87c9f0c322c8,67.47809052467346
428f0844b9123fb5612bf9e7,61.46373152732849
f231ab0024fa0fdd8adaffbc,61.36496663093567
4cce0cbf0b813bd33e4e684b,15.980935096740719
359d6fe1aec5e75f7be2c2ab,17.40599274635315
1e7cffb7bbb8c72646c5a2a2,23.6617311835289
58485e4f70961c07fb6e1fef,24.52601939439773
bdb5e6ee9b8fadba82b5c4b2,6.47169947624206
a1981ab7835d19a8a6fc85d3,5.09149692952632
cf5b032485382b0e3a512052,83.0715537071228
80ba124a6b16d373fe4b38ba,31.322652101516717
03622d18ab7787dfd7c3c629,35.16457080841064
c29be37011b2d58acac8d44b,48.62014651298523
e2b7f913196a888762e3f01b,15.406849980354309
67cf28d9496bf635592a8891,51.43202543258667
bd7635c52642e8fb6482c038,13.492289185523981
021ed8e9c68be5ef0de420f7,46.61658108234405
8e4517e4bb82f4760af0bc1d,57.399314641952515
a3249bf9afabdfe35ddc9ba7,55.125492811203
1a9306d20fb744780b04ca80,60.87457537651062
29bd082d36ba6f928d3d0bc0,87.76103854179382
45d1ae259a2b9c87ffc15ed0,10.96865832805633
34248b003ba1cfd3b4e84749,60.394978523254395
b30db97bb2b0e015a9d706f3,20.00923603773117
ed9064631a4c8301ced69701,6.09333664178848
c0fb367a8074636ddeee5ac2,69.27797198295593
e166ececec0ae0812b3b560a,83.13068151473999
818a44c6166f92cb54d5340b,11.93844452500343
6f5fa01db0662a90d62d7686,59.82017517089844
549551f22d20f4e42fbf9ca4,14.557544887065879
3ab6ebe906150fcb15d6f76a,62.97261714935303
91fc018f8874058c8216431f,19.92259174585342
55bd42da64b5e32d02aa5b36,25.954079627990723
b81f0a970d4f639e2fde98f4,84.81639623641968
193a42d31762786e8061e745,5.12227118015289
6e149e0794179dbe3035bc05,60.200780630111694
26ea776b6d7f200f169f3e0e,31.657809019088738
14df0fca229fb9d3aabed097,74.9784529209137
eb8547ba88b563eb876f3bbc,82.99323320388794
e1b864cdbfda8a6cf03b2bae,78.94797921180725
073fa5c0744beb490262dffb,11.75137385725975
4205e8f9a0d0b620fe2131e7,48.98250102996826
1e9cef9bff542b23fe34c9ca,82.76373744010925
1c5e50e821f6e2c5702f80b3,52.13276147842407
09220d6f81b3c95686dc7a3a,74.01530742645264
bf5bd6a0fd96a5a0bf7a1d90,13.715976476669308
cfd995389ec0f9d8196d6d1a,76.19455456733704
156cd925737e1c400ee67633,82.03873038291931
029ec6f392aad400c28ca6ea,70.27725577354431
dba2c150707f5509fe9be418,83.19136500358582
1df1225b370524fc3d5d5210,82.45927095413208
2888b8bf6459a74fb1712583,82.4994444847107
04debc30a634ac625fac9998,56.47960305213928
e51577db7b72a64f7d5513b6,28.781142830848687
774327c8370a9a1e6245d27a,54.82572317123413
d4161b017636a0098b462b91,68.26609373092651
1cc1a4731cce66334fe33a30,17.53422915935516
cb90114499db5c967895f57e,72.1593976020813
d7b9487afe988dd7e8de5745,83.34338068962097
2939c120956e9fb7c7f86219,12.25646510720253
06304d643cd8e6f803f6666a,67.16059446334839
fa3621fc48b98567c9b99df6,62.797969579696655
87ff5bb62d512e3fd72a994c,27.568000555038452
06d70804722c0ef38085e272,29.667839407920837
d0a1c774260c4362100b4601,54.474276304244995
cf5d8c2863c37b0fe81d7731,83.28718543052673
b848f7fee55f8ee7f27cbfb1,39.76146280765533
b0bf147c2c6c73e8326123d0,84.44377183914185
e57abf957ad68181f734b9b9,82.28480219841003
af74ce7fa5d2c749fd22a137,84.042489528656
c07814011081ed8a16dc3dee,5.06820268929004
2c3adf9267f19066addb3c84,61.05457544326782
f3ce9b8bb05f4b968f38f024,6.886792182922361
0d257c10532e36390e816690,66.34916067123413
be23350683a6ec1d0bce01cc,73.15894365310669
fb0f295ac22b416a7e3514f7,73.50252270698547
0d4185fb0cbccbd1d9345e01,20.546020567417138
59993c41bca84baeae14a422,72.08380103111267
8510165dd8ea85367541327e,21.4910626411438
6e534e0872992e02a0c7bbc1,50.391823053359985
6eaa38044c16c5b521e7e879,86.24967336654663
32c1d43162b3927b06b1b029,39.30212557315826
e9f94fd5952bcdde59b7f11e,34.45396721363067
e958cbd858035cfa0815fb9c,80.48596382141113
162cabb56a01f40e35bebf86,9.88774970173835
7b37cc4398f0e68443cd4a67,59.62672233581543
b66c225fff5eab57ddcda5d7,46.79278433322906
f8519f563d639487a8ede6dc,17.71066635847091
397995f48a8a9fe055c69677,53.91603112220764
83bc3cf692cf167129806803,39.05616402626037
2c9c502c39a308ff4193d3cd,13.937541842460629
0d19ce5b86d64ee39dd65977,24.24786984920501
f6eebddb9905fffdb1b7af05,81.8476140499115
0201412499e1e7212340f13f,26.38502418994903
807c1e3d891d9cf463b423b2,48.66814017295837
89ad7dfdadb5cb2a1b90311b,35.68167388439178
af26de423646ff2035c45d9f,6.8493962287902805
4fcddb1f085fffac31464340,27.335575222969048
21ffc1d6315df5f96105c4de,75.66558122634888
d17cbf345ddfac26fc30c5f2,30.3166776895523
c3e806b844ab01a1970e4242,5.30565045773983
97f7de77cf800223f6922693,9.604533761739729
8b0e3326c2bb7c75fe10a1b5,13.31131160259246
5e3c03f3307a2601dc7ed79a,74.32446479797363
7071ae15a43ad97ced65ae1a,20.65370082855224
0205ca67893777f194bb3da2,5.97315430641174
5d9baf229eb5fedae7536a2d,29.44399714469909
e9225c1e4c6246502ff8470d,54.28470969200134
aee97bee781d08be457d65db,40.39317071437835
c7ba2c68fa5f7ad52600e1d3,61.68367862701416
2c39302f257a58ff74296702,49.60129559040069
ad9f62a21999b86018235743,68.00806522369385
ae75cfad7d97f3cc8ce59511,70.38107514381409
543a2b86a4bed1eb38745e17,52.57430076599121
966b9692e0736f1aeb6cc9b1,15.956304967403408
bdea89da62fba3b13cdfc899,13.178618252277369
a0bb346bcee75e2e42004294,74.4462251663208
2c183a16a702dd13d7051605,46.46055400371551
f5f2595b5396fc01df219cf7,8.726083487272259
0482ad6fa398c5943312d1e1,6.93633556365966
b546ba641a6a946fb8721c85,44.1712349653244
2b70b6db96b6b38094fbb3f5,82.2583019733429
8874889dab825e8926410a0b,48.99368286132812
5db24066fe0e9118d9dfbd1e,44.62782442569732
883c1f28b8d64aa7d2c01da0,32.56334066390991
19308480a8a54603acb6137c,9.288635849952689
304bc8d19835072fd7328ca2,23.09811562299728
f38b2e427f7e4982bab04935,39.95417654514313
ceb4f8a9ce4d8d7f23362bf1,64.72501158714294
7378c333f38fe288a30f86d9,57.85456895828247
36d523f2774e82c379c3c707,36.42500638961792
b93ba9c655b224d50a7c9dc5,55.18832206726074
d4d5b69f1a5d589ed99c48ac,18.714465200901028
73019bea4d7956ecd01079ea,13.080501556396479
90dc2a3daa1cbe42217f6a02,25.46159923076629
ec054438a3acd26eacd3c254,15.39713442325592
86119723164fd03f28e569ff,64.08909559249878
084a0a6658192f5b1167f0ca,14.964054524898529
35e92deca01caf216e5307e2,18.42877566814422
6faae7448b7a32f15762062d,20.8462506532669
7c0efab977e45c9d82953ae7,10.30445396900177
f54e2d7c815031226067662b,67.40132570266724
639e37be971a3d74f48f1243,28.9168119430542
ca7e0717924065623dcba048,6.339842826128001
643c61ce3be8e153b844c1c2,45.77259421348572
476d82a07212c17a556482a8,52.25337743759155
7bfbcc119d77299f9fb720c7,18.68550181388855
3695e20473a32cc67c98bd22,63.20393085479736
926d7e2673d7a9e70fa8a3f1,16.14974737167358
5f3163dd58a49663a38abe36,34.29213762283325
287a95f57f834198ca894a71,7.90651217103004
f94505076048218b5e026414,24.29785728454589
1234220604441331998b8c44,35.24054586887359
06004f39a042a54c08e20fdb,9.58453863859176
c638a72d32bacfb51154971c,57.01770782470703
e67d81c95e1896534243cd7e,36.48176491260528
2cc004edcb87ca84df7793ac,40.54720401763916
df7683ea93df1cf4e5a92dd4,32.34500288963318
c333ff8c5eb5ea18c9844f4c,67.13247299194336
f8dca9b30938b66ef811fbc0,6.302770972251889
465a263cf86333b742334d15,51.55797004699707
6cb249168492c6575b22a35d,22.52980470657348
91acd16fdbbf3074409fa267,6.60920143127441
201f18f5b58c5397da695406,23.33826273679733
7941b8908d6df559b11d9ae8,77.78980135917664
aca0dde9b0d9cc2addcc4e34,15.842676162719721
fa6319877311d877e07a78e5,25.702744722366326
c182e4fc95cb571d3beaba22,5.02761788666248
14a6d101d74393ac30c21c59,83.62892270088196
4e9af9564052f1dea5de588f,82.42373466491699
9a3bfd5a3d4b406a25bbc55c,7.15825632214546
4bc5eb1c0b52e69c6d142acd,17.68102943897247
b0ec43c894cf1edc7765217d,32.40688741207123
20a3af90b297630e1b889555,40.68885445594787
a0ab4c0f5bba4504d3344be1,80.68235516548157
77145c64b2c007ed37dd5ca3,62.513941526412964
17e059c1a0f12ff0f746aa66,63.630253076553345
b9b28179bd94454ce5ff5c81,6.04006871581077
56a025174c20eb5cf7cac527,29.86607551574707
3ac237984aca11e0a9c23342,48.79041910171509
386b59dd190cda4c9812b2ad,83.11900496482849
0fb904e87fee649359cb1359,40.1380330324173
176e7479decd180db05198b6,63.12093138694763
c715fda3dff505244ac5fad3,30.242401361465447
205ae72fa43ad2104b2ecb2e,6.629075109958641
213f81824b65a1bbb68e8166,12.960073351860041
deacd521711fa512d3bdad78,23.691439628601067
2981d85f57cf4a4500cca45b,85.7187271118164
ddc9f7ef2fca8a3813a63d15,12.99965381622314
83871684038e400d6abd5163,29.623514413833618
dc596889fb26fbe346518071,16.4484903216362
639b36c295713112c87fd0bd,11.86920851469039
bbf19c669b09c2aafc7448d3,7.5090982019901205
b5717ae3dd50c2ba684816b2,56.987541913986206
1901b79154bf91f393c86964,79.19926047325134
76cf7b9b3e4886698551640a,15.270060300827021
9c8e737b8c607a45665ea0b3,6.3399501144886
762e9fd0dbe5c931ff550c79,6.54528215527534
6e5b4c51c038bbd6e18f57fc,7.24161118268966
aadc4edb21ba89f0b72938d1,80.39397597312927
49d38e329d2cdc37018cd814,61.37278079986572
adbf4dd3417644b53e739669,82.61939287185669
a3374c8eb7bd8efaff54b500,63.96172642707825
62b3b467b646145e169b227f,26.294362545013428
d0b07385506740ce6a94ccc3,12.59340792894363
9d01dd512096c9f8612733a1,7.47826620936393
5ab389ed7e8b6236d674eb59,49.5979368686676
e9d4ed6bfc0c51b805cdaedf,63.66778612136841
81d499cb14f494aa76d0c3f0,15.16875475645065
25c5356820751c5092dcffd7,54.994767904281616
679acd1b95fbc3138383da8a,30.44175505638122
dbcc50aea0ead1c7aa51111f,44.21559870243072
d87499a8f64ff082ddd68d26,25.65670609474182
47e0fe8bec8825fed7ca38b5,47.57180213928222
8d2cec5a0a377e3cee4b4642,45.03474831581116
2e79646327dcd9d02c339cfd,17.63190329074859
f5f83c8654271d4f8cc62616,14.3866166472435
46f8402dc68bc972c1b213bc,73.65443706512451
4cb1154c56d503d5606f4697,57.13925361633301
22c71be2d410c3370219cd70,5.74281327426433
2ad395aa5c641b995b8745a1,80.58612942695618
6d37ed88dc3486108e9546f5,80.17206192016602
5df1bb4a2ca46ed00250f39e,67.92641282081604
5c8d244ae8c0fec5e7692db5,7.0022441446781105
91b162b70bbef8f6376f5fc9,62.95512318611145
393ab4d415e9318fd37f0042,12.35296949744224
2e69f880307314a57ce26105,42.52966344356537
fb1d7e346c0fab8e2cc26835,35.16320288181305
5ed8cdc889b2c845cc6e1deb,79.15424108505249
f2ed29d1fb3694dc475d7af9,57.5677752494812
6ef684f7a6dab61c51a7f33f,80.15052080154419
5642240c9865e9e256228510,68.70740056037903
f2a46bb83d2aa80ca1ab144a,72.5089967250824
27371db34daa9b0714208f0d,31.02768957614898
49ad5e13d4171b71e6756305,21.099138259887688
4e4620f16edcaa5eed3ade07,55.42905330657959
d0f684972cd028a312abb9bb,46.23530805110931
9036908d86f61104ace01829,82.6436996459961
439347743993a24a553d08a9,32.59555697441101
9742c0029cb73c5b32bf2105,21.41942530870437
870cdb302452a5afb56f02c0,60.31709909439087
32f596db1148ffdff3d19d96,73.4329104423523
c45a4ae91be728b9ca29fee7,13.599088788032528
a64e3cbb4aaf1b50e686c184,44.1130667924881
d2d8c17a5fc1ca11f8d5960e,77.75382399559021
fdcc4dbba87fad870afd492b,46.98503315448761
c077a60cdffe008550717171,6.62194490432739
5c611ceba27a9a2771dee5d5,55.67486882209778
652ceb2773017883da00ebb4,7.7838532626628805
fd762939a9786d3a15a345f3,35.48064529895782
46d82d41b49bfa0b0d4ad78b,15.57945311069488
011dce80c71c4a6890f5a7c3,33.70670974254608
aac2fbd53877fdf36ddb54e3,5.50183616578578
7667df725e54acff7508ed91,33.6212009191513
b013b67910dae4314b4f640c,43.59881281852722
c6c8dac4046d61ceefafb048,12.45040372014045
4963a5d6caf4c69456b7f243,9.79461297392845
af5476f9a42480f83c986f7d,65.52584171295166
e29a04c4d298473e0d55d78a,47.59578108787536
32c70bbfd59b9a8c843bbaa9,51.43350958824158
34d23af17d63b9984b6d7b12,55.77906370162964
25936f4ede1e79c2c03ee416,79.04963493347168
6c444e2bd5198f53955179b2,5.73053583502769
ec9feb2d5748f42d96abc7cf,26.78007185459137
90b74936b88833e4cfc15dc1,80.38882613182068
2f84378329d02fc0e56f383c,38.07094395160675
1f179a9e9a91b59b1fbcd997,45.76428532600403
30da7f502e5c73b4456dc394,59.672367572784424
c9d7077486848abaae3a602a,84.65158343315125
efa0e8c851fe66d5cc973ad2,25.86558759212494
225991aa09d0de95cefefdbd,44.57408189773559
f00ce9a07628c2a13d117ac8,9.704680740833279
e41a303cc7339152d4897486,17.75512397289276
ca6e02a1bc19e9eefdd21a12,6.44806325435638
f36dce5963aebb3a5e252bb7,75.78747868537903
706873b6b91ea3bd44c86914,38.57781887054443
124aa9a91fe26886edc67d3f,35.38160622119903
b0bc626f91332d5e159f1a67,29.378512501716607
d874f1b0ff66041bdc6b9396,81.40233755111694
91224247ee73bf1131369bf8,7.836839556694029
01779ecc5bec15cd83c939fb,39.0872597694397
c8c80e92d162b3ff6d40374e,6.13698735833168
9966aa655c83c90b0be8ccb2,24.87722188234329
be42e9ec8db0b49edec3b68b,22.4259078502655
65412ebc99ebdba3864456f5,49.59895014762878
f111f3ab8c3d24650817a5b7,44.41575407981872
48a0c035b3cdb802e57a51e5,84.75305438041687
7e79bebb5a9e076356c30bc3,85.72838306427002
ca2bed91ade50f1f2e7615ae,60.42196750640869
6c486f0dbdbf6c01005b641c,72.20063209533691
ba8fb13cf749722f9fa04cfe,56.791043281555176
5b1dcf8d3ae610130308b34f,67.84606575965881
c801195b9c6414265c2a36eb,65.3407335281372
8bd4947693824fb6823b4f01,6.859359890222549
254831290bf563eb65066279,38.01437318325043
7f93ff8ee3ac7460ca62a172,6.07594139873981
11ec455ed32c0fc1525ecf05,35.860762000083916
b450641d38b5a96e2727ee28,66.31766557693481
b17620543d3fcbfe1889567e,51.91362500190735
b4ee6610af9f20395bf9f785,17.81736016273498
c6137e954b7ecfd277cd51cc,53.70633006095886
53b96930da37c6c42fb59761,7.43302106857299
ec0c884f33b3b15d301c6061,6.17493391036987
5a8ec1b3c23eb52ca6bc9d7b,36.25561594963074
a849ba38a2e8253498b5d4a6,54.82127070426941
311eb5b6c501a2c4269f3b52,11.69266626238823
741450d5fd842b27e4f4570f,19.28194463253021
0dbff48ddc8e61d306bf7912,78.7269651889801
71f75b85c082b23abdef843b,5.30020855367183
b001a5237a970b4c857e136d,42.94729232788086
79562e1561191073355b6a26,15.439842641353598
5b1c47aba4f0daad251e43b4,53.19877862930298
3902308367147e1491e82306,17.54609793424606
86df1696676dd6c560d36741,55.018460750579834
f3d3761e9a4be5cf80a4e51b,81.15782737731934
4a4bba2b5a90df03340fdca9,60.058850049972534
adcce27fd2db807c726cf994,73.5166609287262
7609027b96a4bed9d0cd736b,80.77768087387085
11285cbc5a4212cd4292e4da,24.22247678041458
eeb9223d010483167a40cecf,7.25151002407074
30b779bdb9e40d594f553883,7.2919011116027805
b9ceed669c31ef5323571d77,23.58059734106063
00bd63befd0c2cf55fecbd01,11.8207186460495
4e5c33862bb031ac8c65c7df,5.77757805585861
c6e37d66cf0b7a6c9d749e75,35.16146540641784
b19bc9317bcfed65ed5de4bb,68.61115097999573
b60079213447dab82288b8d3,76.76064372062683
551d02246aa19ea78a41aab7,41.53119325637817
b30e17c9fefdef15a2cc8d8a,76.29773616790771
175ea7c8a56a396782627bc1,8.576033264398571
c80f42fb46e462351b84e4f3,25.550702214241028
3d8734a31f36062e94ce4b94,36.33251190185547
d595ce8de5fffea0745a34fa,7.22153112292289
37f6b4ed2abd5f3e9899698c,75.5132257938385
aeddd176d903434880365c2d,46.15976810455322
821f1bfebaae2fe0cff4fd77,55.206143856048584
bd35098c408b339a67a92b97,16.97821021080017
5303e70b33dc774f79205f61,38.86581659317016
45577ebcb870a55cfe1fd1eb,61.83522343635559
dd5aa66bf3d4793aa5bade28,35.63414514064789
2a7d90db0bd848584043beb3,37.53829598426819
f04bb83a9ac6e4f0b7e7efff,66.06537699699402
0f2b1b1a0aac577e3110d380,49.36765432357788
3a3e4646c20e40b2b62af533,55.0938606262207
f27d902a27f312d1f4ff31a3,18.77970844507217
544f37cd26089b2e12aa987d,63.37951421737671
16495fd8b41889bd97fbae1a,41.77733957767486
d8a680fce0654c2933193d07,11.02262437343597
df49489032aba4006af3f138,53.285884857177734
41761902933f61a5d9b82f2d,36.02665960788727
8323d3034fe30fac818228a5,12.57915645837783
b4c2b6b1f3e9fa462b67ef0e,27.86669731140136
1c31b5ceeb92307b84d3f2bc,10.37472933530807
d954bcf24696d20cd2f4a7d5,69.49260234832764
d609aef37917ecceb6477ad5,42.52574443817138
29dc0f0223709226ede4dbef,44.7852075099945
c37f16f99ad362db98058444,13.32004964351654
1f4232e3d582ae72d3d44554,86.18818521499634
f82cfcac0b078d4d91d0aca6,30.95165491104126
19c0e0509bda98f9d8774b45,38.72378468513489
6c8745e4c1290ebed7e7319b,7.84587115049362
f695f722b8ecc28fa75c7954,35.3212833404541
4244dfd757d29598cfc6236d,15.27741402387619
1fd685e076bbe1e0ee85c98d,32.51672089099884
d428095eaa4bf48df5116aad,24.48897361755371
2d3f67f569a444318b85a4d7,42.0322984457016
38754817429609f4f58a5c44,14.243428409099579
8a76ccfa58fb34eec1d81b72,50.524914264678955
b4a4e28d680f9cd1856bdf95,8.91936272382736
26c4198e538a096f7382765c,11.86482012271881
58a79b11f120917feaefdec9,87.03306317329407
f5ff3b3949c05202ee7895f5,52.378541231155396
49e8e79dcb2e8a18e10a81ba,17.262184619903557
515fcc40a54ccb6209ed3406,53.410542011260986
a59a4c7d4bc8cb0eb6b09e58,18.51448565721511
c708f46e0f58f3ce0289772f,46.0545003414154
4ccabc8f42bad975c609a511,61.06109023094177
1ba4d04e63b8bf043bb8f54b,28.640460968017578
4fc53f8f4d7b86fbf1c70ad7,6.08526095747947
ff24601ee49a0141cc5e4141,15.635311603546139
4106eac3316ead98ce80c672,6.71599432826042
7a28d5cd74dfe15b4efc136c,41.88055396080017
ba90aa7797880189287ef776,7.537796348333351
e636fd26516a0fa3e5daca0f,59.59889888763428
a3f99194b8a3fc606fe184e8,15.00825583934784
ea7ba0911929048200730088,80.10681867599487
7db56d21348525e7424e91cc,84.0796709060669
4fd1e30449c591aa213c3d71,75.64961314201355
a7096f61473eac063f4647d3,6.792768090963359
1a5325855ae81e00bd456811,33.47912430763244
c76894dff225675809a95d75,17.78282672166824
53d5e570a163d2f023839a60,17.94550120830536
a84c71f7d3c2e5faa1185785,16.54222309589386
33a8ade05059a97bb0bf6ef8,36.0649824142456
3655bf1969466372f09bad9f,8.77469182014465
be8da91cdbc77c3e5e8b417a,63.8530433177948
c851f6587b5f03c215e42cd7,72.11082577705383
ce68ea22b29e54e512624575,23.21532815694809
07d243bc69fec6b370c885dc,18.81173849105835
57e1276d67accaef1b38266c,80.73555827140808
febc08c3a62d749e6b9d69e9,11.391842365264889
aab3bb14cf4be251a70151a8,29.33456003665924
03bcb5fcb8b316f87553da8b,10.06458550691604
96f4cbdd4d3c820cb23ec4b5,19.738031923770897
f388ee954bedb1faffd40339,65.16448259353638
1ecb2bce130033af19936aa9,22.949546575546258
98ddd13ebc9cd59ff4d1b865,76.37650966644287
f0152fbc1a6d49348863f677,20.78252136707306
a2ad8cb41bb795095f5356f3,26.04201436042785
7509f6d8b8bc5501f4fdfab0,24.78390336036682
db62901c19924d9407b56843,41.456547379493706
ba15348f8a2c960c66e09f00,80.90006709098816
1664e1b4a6723c590bca7e9c,26.90016329288482
592de62c27f1fdadc24339b3,17.19801574945449
0eff407254749571ef66db16,14.02284950017929
18456a5f09e2843e7fe6bde9,83.01260471343994
723d68d1451c6f99d7cf81f2,27.443283796310418
ad72c4ceeb0462378f78c04a,31.008392572402947
5b0f91c5b046f5acbda8b783,21.26860469579696
62961386792f2b1e04b49d0d,5.892495810985561
b80ed5ae2dd006e0d94bb98c,55.26994466781616
1394d2fe987092db97e05aef,5.730998143553729
6c02423942de0dee214b8740,63.47817778587341
b219b73f0f2c2591fe7ecf74,25.60364603996277
cfb29d97fd31fadb9557ffca,27.573806047439568
c42ff580d94b45bc8509f30d,71.98803424835205
1c5d759366fae72128557e3b,24.38340783119201
20be7e4ff598970f2caf7676,54.809486865997314
bb50a4b8fe01f3895183ca03,5.48738576471805
5c7e1545f76405b0992a365c,9.56841558218002
92d0d49b827d0e563c32d24c,6.6506415605545
99aec8c2bfbf7266b103fdd0,51.937901973724365
98fc04678ab57834ff938c4c,29.885447025299072
8ac6b45d17d6fbb51426683f,80.67125082015991
fd592c746d9c3068b51eb9c5,76.98880434036255
63c2bf915906afa1f241901a,5.1689855754375404
434e6490aaef8ab3ff5cbbc5,50.23407340049744
c1778f83d14f24382fe1558a,43.81592869758606
5202b5c3e822b744b7245d11,28.798434138298028
65978354bd743a6131421dcd,64.56074714660645
ae298ad66262f456de7fe48f,12.884491682052609
66cbad84cd31f187a81f1cc5,45.80789804458618
64eb1e5255899c888d6e356a,22.89137840270996
60fa77d2e8361d3f7fad9305,7.3428563773632
e79ea177183b652ad31d31c1,8.66574496030807
23f1475f604d6f662ecdaa42,5.76856024563312
8639ea2f978498007128e8c2,45.94573676586151
c3374c1ee02839f6ccc571d8,77.35120058059692
3ecec2dee68aeb36ec9fbe2c,32.24394023418426
54462d5b8304a0c999174300,59.027254581451416
d66646f0f50b6375a22a8613,50.1689612865448
3ecdb8b2c5d94b81c1984538,65.75878858566284
bd18b5b6887018afd70f1f15,9.73774790763855
6c27602b7ba9d4f54ceb9e5d,5.95412515103817
372437690e0b7d35b41c2544,19.51276510953903
dc46f7ed117bf14af43d80da,24.67516362667083
0843b3dfdb7a2cd10baf9084,44.26482617855072
6f599f781fcef13762ad7f6f,19.528186321258538
b3623405c3f870379770a9c8,15.904887020587921
cb5abd20dcb657c4c03a1419,59.1582715511322
ffa9c439b1d6f05eb5bd1eb6,56.66775703430176
3581ca4f92a8a63b0c2b5fe4,38.18396031856537
390d847af38be6437a7f2c57,5.73813691735267
c43b196a56ea09b1e502008b,12.49745562672615
1410abbc6e4d182099147d1d,32.03750848770141
66ae532d229172189dbc6305,64.26053047180176
32874063b0e8ce5d39f212a0,37.47309744358063
0a01ea4ed560ae24f7c27806,71.24490737915039
01cd94a20e1a532eb4ce17ae,86.12961173057556
3019504694f3b7be1e0035e4,11.3585464656353
c621f82b9c30c653aabe50b6,30.26213049888611
dc3d7be0fbba3fcbff7acf3c,23.181270062923428
50e57f8f54a38506a5caec24,83.99858474731445
831a5919c4520d8751edc0c4,22.06185907125473
8cbe19b42a7d2da9afde677e,25.137683749198906
185f8e944c5e3eda1e1e2ce6,33.857864141464226
ee7aa9b088dbdec7aad25734,7.14593827724456
6aa6b1fdc22b8d1cea6eeb82,6.4612939953804
3a890352bd70720446ec8d8a,47.9356050491333
69b6f10449adc01b6c4def09,35.85427403450012
8ae7c102d59b50fe3266f93c,82.8739583492279
d33248103dafe169f0b926d3,25.676414370536797
109d088cdfb16b1e43d99347,28.938516974449158
2150d5d58b0f1c8eb23136bf,39.6657794713974
0b7e08bc0d01d70f0dc105fa,75.01633167266846
2b7b9f9c4f75e260596ba573,20.44069170951843
dec4e0b1f09e8559883af773,76.2638509273529
4602544942dfdff10fe6feb7,24.23527538776397
6b47ff204a92e6fa177c8ebc,55.79174757003784
f0f8aeac1b1eb9957d1e0ee6,24.507573246955868
b40f009da9662ae1d4ad2c34,16.86295270919799
496e0b2307f0c08ff953addc,55.01810908317566
92876cb004c199bef5fd2d93,72.21534252166748
a851ba43699bf3a08127ad19,21.526411175727837
8c39edec2d6a79a1fe2ce8fa,16.86258465051651
506114e8eddffc190899f553,13.73126208782196
4d530db5c0ba02b36d6ae83b,13.31522017717361
fb3abd5917d8df8786dd17b3,57.091182470321655
bc62d75eb132ba256aa1599b,41.52855277061462
65982cc4df61d546d1fbc096,38.97266089916229
58bc4ba8eb2adb37b712b4a2,83.56442451477051
a5e3e8433523271688c12a7c,41.83215200901031
62b380490f704050bdf46608,34.66961681842804
4af86b09e2e0c5ea276f0266,7.87199288606643
c983631db11536dd87fcba80,41.37707948684692
76ed9b06db421078a6466c71,47.95774221420288
c3cc35dc6755b7cfdbe20440,16.5836900472641
54a228209153f443ce1a4482,6.60727396607399
0078fb71f206712d54d6d867,40.77952802181244
0c8c1221fe5df9e3a3e3ccff,39.98202681541443
2c1751fad7c7749c3983605c,12.0668850839138
ce0b2203d7dee9ddbed680d8,24.49229508638382
af7792e2d14902ee4bd92496,32.62732625007629
6853589de3ce63cb413e2406,65.56225419044495
bfb3570457b080b6519efbf9,7.73589089512825
a19e380f57cb088cad6bda9d,6.24562129378318
db771bb5822b9bd809da854b,31.9260686635971
97e430790e6e13046a483bc5,54.82249855995178
3622d791c5039aa9fb473a34,29.42345738410949
72d2a2b005a006f0563ef8b7,6.90213665366172
e8b13c8a2556e1aa62feb5eb,9.43884029984474
4c75812582703e50c1ff0bb9,7.3338530957698795
f8f557921f28ce0e6750ee6c,9.159364551305769
624dfccb3272d7367fd0887e,52.524811029434204
c89b285fce25cb5dde0522a3,57.45275020599365
0a7b47b5761797c2bd56ecfb,31.038212776184082
2e4470e6d6968f897576dedf,55.39219379425049
4b9326e8d224d1e9f8ead07a,23.558831214904778
c6383f73a5889a589f326812,6.6755495965480804
63a5518c3086af0770c69279,13.87199610471725
b6373e08a32b5fc52ddba96c,63.380223512649536
50677b4123e7fce371f374aa,7.74859935045242
acb7132cce7148dc3fbe7358,29.128888249397278
05f3c5af53bd0c2ab6f30e97,10.61066091060638
3c87c17680e9c41fa661e92f,51.19016170501709
27b02737d14592345cc83b19,43.68264973163605
e9507424d6087def081a178f,15.77727198600769
ef27473b7f0ea1d469908001,58.136022090911865
fdf7c9625d05a117ac2d8d75,33.227992057800286
e5ab1f232dd89ca547cebb04,51.24289393424988
68ae06af6629a800df0bbf4a,20.63066810369491
a4a1a4b878d26b0eb6bc4faf,85.82032322883606
38f78774a10e0a7ef1756609,6.28033801913261
42181f4d066426c9d2c1db84,59.647953510284424
497fdb43774a8f96f4e411d1,80.64486384391785
9ac80de78ca3b802a11bf601,26.97629034519195
1f0f03a35e6b40386d2a92af,29.565483331680298
d5cd0f6363ad3a9aaa59e6a0,79.8219621181488
8b714d78c887cd61cf8e91ab,73.16390872001648
120cbefc127d9925d629ace2,12.37832382321357
a58368619b21ab0867e13a45,10.4203887283802
bf57ec1524706bf31a5eab90,42.01621115207672
2dd5fbe6839b72b15eccee49,11.6910345852375
8c13e95e4b7611e84404ea62,84.61267352104187
2abea0ec425aac6a0ef9001f,71.20928168296814
27ca76a40619759d94ea6213,54.84558343887329
42891d2f6cb04ce657ebc398,73.16625714302063
8b081bee5ca178336ebac07a,32.64003396034241
24fdce9795490665d408523f,45.88879644870758
ef1e4066a10733e533a981d1,64.4368588924408
96d02e05fceafe8abcbaea18,23.016710579395287
02d82a9ce99d82b55c409e35,70.63288688659668
023814ee2f4ff2ccfa0e574d,17.76580810546875
5b028224f53ccde5f44340f9,63.560694456100464
6c02a7829173744481a27c51,22.15363085269928
182568d49498f398d2a327b0,16.92588776350021
4753f7a7cff27f012eb45dde,55.17631769180298
2e75f9c0c970c5ff25125e71,75.77233910560608
f540aa27c517c3fe4f2a28f7,80.2175521850586
19e8207c08d027ce980429a9,7.19623267650604
6682c89a549cf8417850a1a0,5.87746985256671
b320babc929275955a1293ff,9.66953933238983
bb4e49ef02bfaaf20b692120,19.9198916554451
41e48fa92c4d7b8021753b91,41.02842509746551
d69c55f4c35d84dcccd7f9ec,65.97322821617126
27946d1ff5f2b7e98bb84830,17.90522634983062
38c139f3cc0e98281687751a,57.95897841453552
1c438c2ec39d77655740cc40,83.87373089790344
6fd34026b5777c31b8bf2059,43.912607431411736
60cc9fa096f97d80a2fdc4f2,42.15398132801056
96a7565b49da596ede3d3a93,74.96529221534729
6af7a8fca532ac2d53371489,48.95763099193573
955c007227b410ace8f67a41,9.971226006746289
2f2e7239bf99b9f7ce166a31,7.5296878814697195
e2f2bab252c676668838f745,81.09426498413086
0a2ec2c9670bdb6d180b2e4f,9.770578891038891
6fcfa2aee3c032d1312408d1,64.85915184020996
56ce5fa3bb50e18ae21f8b36,58.981192111968994
8e805f29c1fd9c171ef3bf53,17.35390126705169
be669a0636b4d7a8731ec691,15.87461829185485
31db08922be71ab230427aee,83.6129903793335
a843b374a8038fe6906d214b,46.51610255241394
03482b95674d44c66875c94c,42.0650452375412
1a0e7112aee3ae9d90311d35,84.15212035179138
3b0bb07731125a378527683c,42.87931025028229
6e60fc745eb999aeeac3bead,59.56960916519165
9b9d86c61a95dadab87dca61,28.74085903167724
819c4751e6bff6024bbfefd8,21.14975750446319
ca733b496b18ddffc534b304,31.723159551620476
b7b2a5a555cf690ec8db1178,44.99529004096985
664a65b50ea0efa24686b45a,20.207494497299187
4fc0ba87be06dfcdb884881b,47.813680768013
5d4b266efbc000c73f764246,59.99244451522827
92baec9f313e822554302434,12.936447560787201
95cc5381813beb3f8de1bb4c,6.575900316238401
22e5c4e689cf5cca27c2294e,83.94234776496887
4a78e620354270b03aba5591,77.79884338378906
a17e25d03774dfa4c4b3e498,38.79910111427307
1a0919414dded19ca0f02be6,30.583375692367547
2af9f2b0156ca33b057e5714,23.03045690059662
390859648c88a11b17e36004,8.37180167436599
77258b3a35f31745be664cc3,6.92978054285049
eb29e92200ea4d0e07c7f4c5,14.599397778511038
767d797a2dff4a1545a9d377,85.73626279830933
70238972f5083208fc6cef67,18.23771446943283
26c0b24411f215e7aeb9c69e,18.51576268672943
41f674f2a3ffda379ce00a29,26.263931393623352
14794d2dbfbbb2f565714969,79.02788519859314
31f50e58b076189c865aa056,67.77756214141846
209107a22844166e1d036caf,70.1171875
c59ff2ea174ff7d016655e76,70.46841382980347
7dedec5363d1adc76d9d65b2,13.81493508815765
5f5b04bba330454ce86009a8,73.94306063652039
b4492c50a0d9ef5100e17e71,15.18724262714386
909c2bb2ce2945126cc498f8,27.054405212402337
979b83adfd699a4427350edf,66.5981650352478
3b869503253be8846714f019,31.980282068252556
eabac225a870ebcccf632d3e,18.30073595046997
784943555bd50a56404dd61f,19.13166791200637
d52db25c4a81056468d940af,85.1287841796875
e03a8f820d8bca5d4b484f89,82.92952179908752
772bef0500993a9c88c24ffc,25.77054500579834
2a27fed887ee2de6606bc46b,6.02428466081619
8c09feb89710415f0e49d365,5.60321435332298
c15211f0f0900733d1adb0f9,30.40776550769806
0b72d515f8b49a872ed07c89,66.411691904068
6ea5d9248f0ba71562bd1abc,33.01554322242737
d3de0d1fdb4b14b1c7d520ea,67.48785376548767
8a21411fac8399d23fa7f23a,42.85354912281036
34f64e250138d860159cf702,20.98644077777862
aedb38dc7b3ea6ec5aa8d9d0,47.69521057605743
ec008630e1ea2d5595a03cc7,34.981977939605706
ef22d19a62ace00edfa1db8f,29.63932454586029
4cb09e1a17ce8059ac6ff4a0,30.153900384902947
59df1016392bcea721b2d4d3,16.4287582039833
0c0d0b7a9d61c5dfd1c25994,79.31762933731079
86dd340f4fdf1ee683bd7613,84.14533734321594
6654116bd7d57a7a85fdb604,46.30309641361236
c982a72d385cbc4e105ff7a3,36.06913089752197
1e504f8f4c2f5177b7186dd8,8.79998952150344
af22f0e29d0697ccb35af141,77.55348086357117
9e62f21073ba25aa77ea36da,81.38312697410583
271874c8ba588f5f76f75689,86.56291961669922
ccc1f7cf83312ace593e131e,51.69811248779297
3281e522251c85bbe2087a30,83.94815921783447
8ae0d21b8c28fc8c133feaa7,16.77803546190261
8a543397b7463dde1422ecc2,30.370396375656128
b3eb9cb80a11cd0f77619c58,72.80972599983215
e9e366364f617591ae5ef17f,78.75164151191711
da0fb3e410726c49df5d217d,16.34826958179474
7805031deda680c31ba16e2d,8.37939158082008
4875d572be0578ed7667a109,16.25959277153015
37ae69f503fa3638dc535f7c,21.84750735759735
332f96b9e8a97e058abb6c59,59.13393497467041
d9670565258501614644adff,26.74570381641388
597d92fbad17d823baf936e6,40.38641154766083
b979df19702949389d848214,79.3799340724945
ac2940557c66cfc9ff80eb07,36.76187396049499
f0822a3ed75eb00bac44ecd7,40.90641140937805
5fa094818fcf5ea827f2772b,13.26685398817062
4eb1059dec983bd32edf058b,59.45626497268677
c0c6d3d4816b9d664e3a08fe,6.02950081229209
4febd5610f4f67591b4f5d9f,69.88677978515625
e0dbbdd43d499c876eee4edc,76.70190930366516
469a51d7e474c0d049261e64,66.34231805801392
df856bb3a31f4662456c2ee3,27.96545922756195
65d7782e2d4ec1d379c77587,19.863355159759518
7b76d9542bbe9f032430740d,72.37792015075684
39bb0a21840a42f421ec4e0c,34.80241298675537
39aeb8010e5a2f54d900dbd9,6.564903259277339
633f1acd90c9784586845af5,43.58465671539306
e0ee613d353287618d2fd6d6,34.68202650547027
586f58cce4eedf0d366689bb,86.50861382484436
94f3351920774c65749d9e37,86.04846000671387
7eb7ac825db1cce14129fc46,50.04786252975464
ef53199ebc462ac3be97d894,21.79167568683624
6ffd76b172aa96b24df3ebc8,13.899220526218409
132c1ad90638ccb7c45c4e2d,23.713535070419308
ec0116ece6032ae1cd01157c,65.58879017829895
631dc95d07390fd4c7996bc0,5.616045370697971
67783597a7680f9ea9002e0d,15.06188958883285
d643d3fcc80615d58905dff5,82.90941715240479
97c880f4870ad1eaf8ba0085,36.91099882125854
521ffadaa2dd399067c6af46,19.097404181957238
68aa809a8869c33433e02997,56.05756640434265
6ccaa4c4e2dd7a252e3de2d0,85.3416919708252
c487a2058ef28dbbff2bb963,12.85014599561691
e492ac86e1a9ecf8649ada55,9.3961551785469
da28ac18ea96a07a4ae4a93f,6.59670978784561
162225aa1714a5b42a7b0148,58.48764181137085
1b7ec672744ab0eacc719ee7,29.16451096534729
eb6515aa3b396c5e6fa819a2,82.54501223564148
9c810705096103db1f7fb88e,11.45918294787406
66aca0dea90048db92c653f2,38.85625898838043
3cda5fe68f410173a171c27f,37.23522424697876
11f625026556caf49ef8bf55,69.56760287284851
5df204d898fee64bc390703b,82.70028233528137
c55b22a8abacae2bc8456975,72.80118465423584
5e1d2ad12008a4c7433f5d0d,60.88876128196716
d3fe6389dccb4c9a2454efdc,13.90578150749206
591a8c92b297bcb4b441f476,11.91693767905235
9eb0174e927e2c105db99323,9.121063351631161
3fbd5a332e7b486610c522c9,68.13488006591797
d7bc7fc3cc7b85ccb51deaf5,60.89523434638977
0f5e5e0b651b65c82f62d208,73.04831147193909
b54ddd797c61c0d037abae85,44.82124447822571
a222bd3faceddfabd3d520da,64.50698971748352
8bf42b80471a82c7261bce2b,20.87161242961883
b7d29f81289bf0abed7a2807,71.46649360656738
e361cecdd637c6a3d24e386a,36.67732775211334
cde4032faa3f585db6b3d89a,8.83748605847358
9a5c27991314111096ed8343,26.56933963298797
cfeaa972433e7e0b53ec8703,46.68624699115753
57434d93e022e5dbccd06c4c,8.47084075212478
f3c57c6e8d730dba9dda188e,9.584414213895789
4133b6f2096a92a2f534b379,59.99859571456909
3e8640ee0cc60bd00dc48255,59.06098484992981
e8fcdef15f0ef7e0175da8f9,40.99960923194885
99f213109212c63c1537df59,32.68860876560211
204fe6d5eba6a67e034e7f65,44.15227770805359
0f27f645b9d9abb8322722c9,17.3660323023796
d1345c13d60e27ed498df646,21.88110947608947
b6f43eebe43e92bb9e359780,83.16245079040527
36c7f3647271e5ab65ac149b,24.99638795852661
e817c0b38615ccb82e17b24d,27.106541395187378
c6660001427a7fc43418451a,39.84903991222381
93cdb9c6cef789b0aec84029,9.08496528863906
38ecce71f423c4efd46a98a1,80.60826063156128
09b6121b0518041492750f88,60.70050597190857
d7dfafe6281330179253c30b,60.22500395774841
807df976c56ae57a1dc040aa,61.365389823913574
845fa15c2938520ada7ecefb,13.46153318881988
e2181bf394771391ef19dd98,78.39927673339844
8a84d0aa5ab142c234389fa8,63.0660355091095
b1fdcd9e6eace710bb903db8,6.7015580832958195
527e8c4b344fc3e4fa63a944,61.305129528045654
d5297a914f73bccee0df50e8,81.54807090759277
eb4256b76cbc8f0029f02781,58.2439661026001
ce1c171c92368e3900e3cc9d,56.25948905944824
a1859f58a12446d3483b9638,56.25916123390198
56a227ed2f019e8582e7626c,28.71730327606201
1de8f8c946c0fe09ca305059,81.07261657714844
90a4b1e4adba3aedf1076909,73.26503992080688
b99f38eab1e0174d1ba5b954,57.9170823097229
b8718e5349088aa8ce235534,11.28651350736618
5831b41126080745d6b8d52f,41.96998476982116
f01103382f65792ff7c86867,45.688101649284356
7b8899c24671bd626765da8c,69.89927887916565
24c651cbb80e85f7a23c59f1,53.065335750579834
22d0036ff89b4ab232831906,10.85370481014251
61fdb2a1a1a4a57850e084e1,28.66707742214203
2b25f036b789b9403ab14ba3,3.3258423209190298
4295f08b0dcc195699a41789,25.494590401649468
9b6ea17c2311e251b36f6586,8.76368060708046
d9e5a841afe26664b242d9e6,29.878589510917656
001c6ec05c511f950ef9c0a5,33.51337015628814
0e1a079f38c984f90329da7d,34.6970647573471
37b8829126f2f32369f377c2,7.214243710041041
82de3bcec3c75f2d80d56dd9,84.61052179336548
039ef27a488701e865d45bdc,53.62687706947327
0dc38cc3401eac6cd43c3174,63.685476779937744
d1197628f696952cdc66a7ad,57.551610469818115
ee73c3ea1ba67409f75e6df0,22.31919765472412
b537b2949651cefd9605e1d1,17.63948053121566
e6c4a40ddd0b5af6b17515cd,14.765666425228119
abfdc9b5a4eadf2c4493fe1b,18.2128831744194
e41fe005238205faa5478110,48.58363568782806
bb6a34caedc70dcbbba4f5de,5.97701594233512
35d14947ba09befa016f5727,55.34345507621765
e1d5d355803b10abe3300d28,69.73205208778381
df9bcba4ca4cfe269ecf9768,64.60787653923035
96c14d5a47928e49910312b6,73.55478405952454
e1b14dcb482f26483b075e9c,41.25924706459045
f63d69fe641b205527a8cb25,10.06015539169311
42221386f560fadd1ad4da8f,53.63689661026001
77e9326f6227f063645f03a0,13.309057056903839
d819b0f418276216c9d0c908,5.07815890014171
76781b25c8f4e3c5ede3955e,15.44663459062576
8c4a60223f57048934a32c52,12.97926008701324
74a89eec2ab8d242fe922e88,30.710378289222717
4bdede27cbbb5ab673d4feb3,66.49674773216248
dd665aaf79c6c79651b7594f,63.218069076538086
63d6ae0c3c62c48aa5a33ed1,69.18559074401855
fde9323fa180350d077d64a5,27.32575833797455
6af739cee29e955da2566108,49.11564886569977
8fdaf0baf48dcc2836764866,38.38161826133728
195fede35953df7b791a0046,63.45869302749634
3b5b31d6af7701fe29c42e7c,30.28099536895752
6c62f0765deb5980f7ac4dbe,75.95617771148682
f2cb103ec14a502f6c2f0128,70.47532796859741
0879b29247ec26313415deae,34.66125726699829
af0de597f4124c38d5fe2b07,23.328182101249688
8eaba2d0e45834a43f3b53b8,46.40756845474243
05715c14634fd817ccd2c82d,50.9107768535614
2f210ab3e79e045300fff272,40.57468771934509
1cb873f3c5963d42404151fe,14.62443470954895
28be91115c240c56eaee1e9e,45.959052443504326
baba842ae3bc583b4fa53c06,19.39533501863479
74afab5485122a843238826e,11.64568662643432
748fcbd2b91428134521b8ec,57.36634135246277
f6cd56b3ebd8febe1516efa3,11.050113290548321
5f6acff5c10fc6db9f764c2b,27.35475599765777
db05cda35629846e4a408560,45.00851631164551
4addb2b393dd749953b72283,15.62235951423645
6c4dd5ac247b554fad3de13e,34.90598201751709
106db702799c80a0fe6a8c21,59.49007272720337
d78854898f219b62580242a7,8.85042622685432
d06610a1c04b4e358088159b,35.501229763031
4e5c11a052118a1ff3a33775,16.06960743665695
47e205ea277bdb0ee2fe0469,39.24741148948669
333b9d9cdbd2d6ba4989edfe,72.40256071090698
84fec9e27acc86c1fe9a87d8,39.04677629470825
04cdc1de82c87da473ccff03,73.63613843917847
3926d92365032a7760bf38be,37.6690000295639
cff2cf53b3fb694c111857c6,61.98015213012695
0e280d7a87413e88fd11ba30,14.21137303113937
2b637d619f74bc65068e3251,77.15170979499817
b08400358e9f67fa82e463c6,69.30975317955017
821bdd5e3059e35ac4f119cc,11.48174628615379
1ad219936854e9c8ac853596,15.342853963375088
0e33726d21adf899d1b33281,52.131861448287964
b737ce219901378406b8f04c,7.7810123562812805
e0599eb8de8284d7fdbb780e,77.92239785194397
0dee2ee3cfd7f874cc1af7ee,81.68164491653442
9e5f85dd9d50a7f72b40e559,7.08030685782432
9a6f43541751ed2125bcf28b,33.14901292324066
4b0b31fc852334a52721741c,11.12149432301521
920aaf8a022adecf81f4bf9f,9.69461128115654
f6873d261d07be17027c1058,12.34940215945243
9bf83d250e777108833c35d9,83.99997353553772
da935ae16625f5c42975f4b6,20.21258622407913
9090c6e0ea12242dcecbc5ff,57.02522397041321
8b96430c857845d32a6f73c6,48.64259958267212
8f536b9de0255512a0b16a72,39.85906541347503
a45adbee4858116d6379a752,5.15900142490863
6c8d1ebdb08bad6e490ee4be,77.21163630485535
5c8e5f2f8d88eb5310f9e3ee,5.14924153685569
dacbd26ae78fedb7509ec45c,42.603427171707146
ea8fb73aa4090caec33e12bf,53.42557430267334
b9c20c598a34572cbbf36514,8.259684592485419
9f3266725042f0937cedb043,83.48724246025085
0bcfe29cc1da37be9ec626e5,39.314964413642876
ebcd50c0fc9132cbea552726,21.73262685537338
07fcfdabf2d8eb998b772976,65.23107886314392
5ad4f6c5d7f105fb7ac79aea,14.200431108474728
fa2d9da3b75aa83b63c12810,51.26924514770508
5167733d548cb150d91bb19b,20.52003443241119
7a61a7c58f66e8e383493988,6.7569851875305105
59020fec3a757558d966928e,65.92456698417664
b8e2ad3bf5eec63a905f63cf,4.6200964599847705
08e5f935890e02c55c4bc3b4,44.71608996391296
ab2e60f3dace09d6c287b65f,29.58672344684601
1b23a6a36de042ae78822f15,84.35328602790833
39bbb456447d4e07f7846db3,23.343442380428307
82a8e105ad05b17062b5fe98,61.42248511314392
69a4d666e213c37864ade5a4,32.428988814353936
64161e153c802c5bc5382e0b,17.70541816949844
27b4a94d7cbe25aa20a5d042,23.57315272092819
79d28830599ac1b2244352b4,48.3443945646286
9dcddc8eec4daff504042b7d,8.32069292664527
7a4475a954763f22c8468130,68.61375570297241
6f3369b3260bbc66fc733f22,29.03119921684265
5456da9cbe097a93dc920e1a,62.51733899116516
51b0cc93001a7a623c7b0fcb,9.77896079421043
a90756718f36f0f5eca12843,83.66276621818542
9ddb5a1c48c0c76fff350b3b,17.20475405454635
ad27e93c732a3205db79925f,14.412188529968258
f3639e4ca2ce41c27a06c58e,49.04839694499969
feb4940aa2ac65e3d97d04f9,57.95362591743469
6221dc34f0cd172c77ebe657,77.9948353767395
39fb133aafe97653f41b582e,13.1841629743576
066d7a66487bbe4007641b91,15.404722094535819
c7f771f0becc601052fbb639,72.21636176109314
14fcc6d526036324d19008ba,38.57533037662506
7b3dee87bc804b91fa46d671,7.51222819089889
eaf8d2e340802f31ecc38c95,11.538992077112189
690e9b3e8a444d31a507d784,7.0743851363658905
2293c4a3485f7eb98ec35b2e,82.60836005210876
51d8a3ce4c42fe0981f216e8,82.89472460746765
d0d91bc90d8664302748dd44,39.32977318763733
34133fb60133a4a80be49522,76.73883438110352
d103eb3bd1a0b2f639271bad,64.14912343025208
dd5d001a89108b84935608e5,77.76457071304321
e6a56bf28beb940ada69b03b,67.54850149154663
9fcf9b371410bedd0a9a82c2,52.478063106536865
5ffae5879de704c1f48f1e99,37.47942447662353
bc902cdc19cbf99688a44d94,66.01693630218506
f78ed44cfc32505dd3b9bdc3,21.24509364366531
2d33e1c846c9f65151cb57a1,84.19640064239502
4d1a9a57e32c5fa119b68e14,82.8763484954834
683dda06b54ddd49b1bd13c9,6.70243576169014
997cf23106fa27d51e6148e0,50.860488414764404
ac8de59bc4c5950252a5cec4,41.9900894165039
e55461a2a74bde68dcea496b,5.7994432747364
a16a5de650541d7d20572fdf,7.2820723056793195
7ab03305d837029f31d6092e,5.4549146443605405
a9ceb70a94766d89d96cd057,44.04487013816833
2202822bf10f1c9457aa0c65,71.42404317855835
26479b3817b446cf2b18cb3b,62.80218958854675
69d8121827603daa9f8330aa,10.10947152972221
c4c25c1e8f3c9891384a3ed8,42.98074245452881
63cd1d7ac4268fc48af7beb5,61.29636764526367
e802988eda7e95fca4fd9d6b,45.328381657600396
f23988135b1da28575d28e88,49.18069839477539
fda4996a5f80073999c613aa,56.32629990577698
14d44106cf0929ed29e7570b,70.97274661064148
b5fede65f9bd611cd0b33195,77.70599126815796
50c73cdb3b55ddbb14a6c398,19.381298124790188
6481e8b1a95ce5637fe8c6eb,82.6342761516571
8da35a7ddf1a4b45f9311214,82.28145837783813
d8e2a5f3af6ceb2d3ef79993,13.95253092050552
bd77c6856904114cd539cc06,80.58832287788391
4e7f2f9d5b6923a14aec58fa,81.16503953933716
78e3964bccd8f2a2a89105f2,10.63386127352714
0148983479ac80f081f9550d,49.17970597743988
4f4b843728acd702f9d7d65f,18.97796392440796
1f3f74601ad1e6311673c94e,18.78089755773544
7c6c78a721404e3e7ffef25e,68.202805519104
b463a0c0fe192f90a06bd733,9.32080447673797
40d7e4ee08f7b8e630d023d5,22.5560650229454
724ddee5e1ac6e88db81142b,7.25809633731842
bd3b5d8dd50f356f4a273213,38.75595927238464
3f4110e5e5177c3c4da5ccc8,9.50145050883293
2b041fa3ae9fc01fdae9a13a,11.47228628396987
33b3320798bbed60b66cbf4e,79.24696207046509
20d9270a56b06ae0a36116f4,36.24805212020874
1f11527688c4749522271e32,19.23767626285553
8d38c3e46583aca598c4b740,52.194684743881226
88d81cd546bdc982964755b9,72.68629670143127
930a2797aae24e89c402430a,25.30653178691864
8e7c75ca308dfb4194b4910e,74.00146722793579
6f450d11abd1a47f51393da8,32.54631459712982
5632e2630e7c78c12ccdd25b,30.652886629104607
baacfdec06fcfed3c9bbd73a,72.80903458595276
bb6c71cf2c47944c9acbf08a,43.708938360214226
5b15cd029fe6b0052bc8a6b6,37.1589720249176
ca82e7d785b5a07021b8f9df,84.88470315933228
0859c6e51b2407ef4feca76e,82.33487606048584
4c4bbead2410e3cb0cd484c0,9.787853062152859
ab84cf4e9698e09ebc775d75,50.10220408439636
2838a2eedb0f6ebe27af31d4,13.818016648292538
04b51d3f68bffbbf1bd181a3,8.27281847596168
68d9342df31c9ace7498f453,79.55339550971985
757793bd16610679a0577f16,9.30338725447654
741335493b2d3f5715699900,53.64644527435303
e08f8f94bb4731015891cf4d,43.41329336166382
ab6b2d914a6474439c48543f,22.93548882007599
4a833d3214d28e112a7c125e,12.29185685515403
c7a93a866710574a09e826ae,13.27112466096878
860e58e6b28ac6c5aee13ae4,65.40409922599792
7e76b4c8bda331fd0813de1a,20.47952860593795
95e95f70195ae8f760341981,40.7425194978714
bfd48b7595816d068a33d4bf,84.10255312919617
6117ec86e3ec8a7df07f8c67,30.588847398757927
d380046364d2a78c426946f6,30.0753504037857
743e0e61a4b31c338a1bde76,26.55019760131836
682a83eccbccb1a1200116cf,73.01152348518372
ea42e786218ee31a28584b97,7.032460719347
e03a7e850a60dc4f5ad98421,5.35441674292087
c89933ecf1a96dc5989b92ec,55.64337968826294
fcb332c8b8c21c44d4f346f8,11.40587404370307
7522bcb1411332d77bc188e2,72.65639305114746
b9d8e2c89a28a3df10800277,81.60226345062256
bfaa3db92054083ba808ba6c,37.78112828731537
a207c2e8254a7046a940c11c,61.76645755767822
562ea599d0b3e8ae191f741d,45.97050547599792
fa4d97b1907ce90407ee87b9,35.46423017978668
ec5ca82654a252fd1c673531,61.07726693153381
6fd06b828c785b77e19dfdcb,35.74366569519043
5965000d1139d388ebcded80,68.23750138282776
