c657dc0bd1f822f8ff7104a1,11.35304123163223
5ab5a95be3c18dc173fdc18e,16.08611047267913
795996ed006725199e5efc0b,13.225920498371119
ff6946553173184eae036062,11.55926659703254
95e1416bf854594d6716ab25,12.34597489237785
29dbd8d2300642cfd31b4604,85.99404096603394
1d887341bdf775c49d8a0c30,87.54645586013794
77dda6054a517033716f00ff,61.96063160896301
8e4cfa2df03c1076ff189821,10.70228964090347
51846fccdf380d6f09a9699e,10.805642604827879
d6a9e1b6f405e3e061bbc394,13.62884491682052
2dd0edaf5ee6e907b6b87897,27.042841911315918
97bea51b250b322aa61f3212,87.3964011669159
22412ee63a0ce39325b7f1a9,78.70645523071289
5c0a7081614734384197a20b,11.727894097566601
e9b2261621783f80b4cb72ea,11.00350096821785
02c69da592e90fbb6f731541,81.53619170188904
d58123ff532d0ac98037bfa5,49.480685591697686
807b8bf20474fed92b2f7b2d,11.400864273309699
7a51d406a61788b58f00654b,23.85643273591995
deeda867a81f10037eaee380,41.72318279743194
5cf95b3c90b285622e516e64,64.40770626068115
8ed3496ac812389725ed2060,87.50094771385193
89d3e6cd16abec7b538e75bc,42.87907779216766
ca8e4f72fb82d5b598a0c131,10.799490660428999
5cd3f6666e7920b7ca725490,10.945530235767361
594d085d0b23f685970139d6,83.95612239837646
a89c3c861f5a57a9ade64d27,26.718434691429138
1255127ec5a5db705458c36b,86.94663643836975
f0272f04b8f0e9aeae54ec31,70.80659866333008
3d396cb13ce260fca38b7635,16.94503128528595
fae705f0a7386ce12e070228,14.252577722072601
0f805fd6742e639370f6e6e6,11.18320524692535
52a29beae465afea1dcf9bc1,32.41787552833557
2d84faf896231f94341f20ac,65.95269441604614
406eb6b2215b3e7318fac336,17.8891435265541
814151588161f46e55aa867f,13.735291361808772
72d4a0f9223d8367187b1bcf,10.94820126891136
8e98d43842f6c556ab0d579f,27.33064889907837
134164ae70296696c728d777,86.84379458427429
760358d2e31daf5445893b4b,85.42705774307251
6a9057199e764484cb014bda,10.79699546098709
a64d4113468855bd15f70d16,86.46236658096313
7253b96c3236af5867f5980a,13.46108466386795
7090f27538cef83d0e073b76,37.47192323207855
8df6136ed4fd33771cf26205,11.14655211567878
eb0a454e2f81a918902ec8b6,67.04713702201843
48cc7fa1e7b72963a43caabf,23.945750296115868
0e947e60750cb377dc6a7780,83.98092985153198
5a61d6b195b7894cabf2005f,10.75700670480728
58f8fb1bd72ea866b69fc20f,87.20585107803345
6eca6856a3d488dd1ba7625d,13.90704214572906
769fdbab03f640bb04f9baff,46.74884974956512
47ab392bbbe73c87627abb5b,87.04431056976318
918e989828e9173348d712ee,12.901780009269709
440e71a59c558a99469f38b3,81.92286491394043
e78c9a7a111b79eb34662c2d,10.72145849466323
e0fcc2e69893d04370cadcd9,20.63773721456527
68a1918781a3894dc2b00ce8,86.85144186019897
eba67c42ed61380136d82a3a,87.32450008392334
148133b7eecef2eecffc4799,86.49559020996094
bf54e742997b70d8c40f51ca,11.86968684196472
12af34c2bb9f504ce93a850e,87.53461837768555
278231192ccc0b66774a8637,16.61251187324524
c66c9f875760b1dcb0960edf,71.85736894607544
c65e4791ac98783c679bb8b1,86.8500828742981
f771e545d9294ed64af408c8,79.03838753700256
f47bbb1f66c1415fe69dab61,13.62348347902298
886ae67baf1794926c66dae8,10.72575226426124
c06ddba90a6f952b52e50138,10.71925833821296
3d100129795fa5524ce3b65e,13.313639163970938
9c91fcf7758fbf79522d90a5,87.55083680152893
cbec75dc6e3752c9e2e34bef,10.75856015086174
eefaa3ab6827a5adb315df87,12.638711929321289
c30b901092248bc6906c17b7,85.56221723556519
aeb1ad98386d71e6db4b8129,11.14796698093414
a3275271e3df6084a762fcf0,69.15585398674011
558e18e3a3241143e0d4d650,87.34588623046875
da6c3f0c62fba94dbb752a4d,20.17267793416977
454fea627ad84956d8c1ae61,87.32801079750061
78efb747fb54f8a626dd4d84,13.72797936201095
aaf2c612cb68642efa4289a9,16.27460718154907
52a634dfb43a96998294ab65,85.9014630317688
e5daf80b17c3704b9f001945,22.01286107301712
32c4f6b65120e449815e15e7,19.58965957164764
dbf72c5a910c12d897a32e41,87.46848106384277
e05dc8ba6a31805af828a8ac,10.83322390913963
5a8e46fb8fedb9f0380c2669,10.70035099983215
9d2fc5e4305829596cc2e438,42.485511302948
5cce534c9bb4f8fd6b7b893f,17.48493164777755
3845f846affeba7f233b3cba,10.71455627679824
eded6c4c62c7cee0eff9d5e6,14.389261603355399
4277c59a450544284dd88a6c,73.04207682609558
3ebc3c5c7da93d7d6f136911,10.77397093176841
6a143e15ac868db59cbc471c,83.45762491226196
c55d30f9d94883cc84fe1085,10.69319769740104
ad3d8d40f47b7652c52c429d,79.95481491088867
de3257fbd48bb06ecec01c3f,22.23569452762603
1298a3bd86cbaae7fd116631,11.599168926477429
20188397edf47edd45eac2d6,62.38028407096863
3e122f91e9cbbe81c0de394a,24.57330226898193
43ebf2f77e73b00b965038f2,10.93008071184158
d21088c5deb01b3937fbae40,81.19809031486511
d71af8607a921d8f9063d51d,45.94151973724365
a0a51a3fd86207806f0d369c,11.17987111210823
381e7b40d12fe0f903084936,55.260878801345825
b140035826c36bafb6a692aa,45.643559098243706
d8e5c7377aef683d21069ebc,12.76758462190628
4a0ea920262856937fc8abd5,60.36344766616821
668022ed95bd3301650af0fe,48.51464331150055
23138090f018b8efabf3d34a,11.42822504043579
bd19318eb3345bd7bc35147d,23.36523234844207
cf19b937f260a2217f247726,86.66812777519226
699759f01eeaa4d29289769f,87.05339431762695
15ecf191ca865e028a214ea9,87.46004104614258
5c9a976914d09bb4cfa7a753,87.07228302955627
634dbb34b86993a9f23de2e1,10.83765104413032
4a18e04faed1fabb4f173f50,10.990240424871441
34929926fce4b75d199ed172,13.39946091175079
3566fc38c2b7de55dda2694e,85.45851707458496
bda8880dd38703d7636b0d35,49.95281994342804
196efb924419f2a108d00e4c,79.64038252830505
3af14c14dc0978cc87236cf7,43.75692307949066
22c069f56df48764005839d5,29.483726620674126
0fcaae52291c6b452fc9aab9,10.75632274150848
4ce25fdb7c8857563c62bd6b,73.06988835334778
a3b78d7d2a94d61836b0ed9e,48.59935343265533
480854fa6e19254c1cdfbeca,10.90107262134552
60ea7ee34bad41f1cb6c06b8,13.347239792346949
0fec7055fb3acfd0333172ee,20.95328718423843
69ba7099f8d69587e5f0f9a8,11.835873126983639
85cfaeea2bc7e759bfb3401d,65.1362657546997
69ba6356a72481b60b741d75,27.356266975402832
439f377c5730b261e50986b1,14.70735669136047
72c845689517dfeceff813e6,13.87135237455368
8628a83658e553785669f9fb,87.4143898487091
836b8ffc42cfd1b44fc5f2d3,22.93232232332229
44140dd548cf99a06f3760b2,22.66204506158828
98361900025af1e8f9cabf82,46.81905806064605
e56bcbf73ac926fc50f634f8,10.96647977828979
be2dadd90d77266b4c687e6e,39.34966921806335
d76e76f70015acc836f810e4,87.1849775314331
86ae26307d103d02e7f43374,13.024134933948512
2573db2badff1f85ff90353f,10.81821024417877
e27139a212fd085938642b9b,24.21623915433883
3618173b14453875ad4e835a,11.03936657309532
f0724d953991039d1719fa52,86.21029853820801
930b1cd66108d3b9916ff69b,78.25694680213928
1955c093f35379274b993f92,29.9521267414093
9a7307ecf1e52a7ab829ecb1,24.68836307525634
ce17b6b998b4ab28dc0d78ef,75.34210681915283
200eb582c10be606ca974f10,29.04329597949981
76af6c92a8b9b97876c68199,86.14620566368103
948df368ecd2c56cfd040ddd,87.55003213882446
606712b2591935062176077c,49.4343638420105
58f2bc328c74feb558672d70,87.32569217681885
ae34facca35c3bb972593d73,86.19316220283508
220d609465fbbaf33ec3c90e,10.81154122948646
13750d0137d1922d46b1115c,85.26796102523804
62ee715aa90f4bd0e526ade7,57.77027606964111
625fef26177130ce36b3091c,82.13555812835693
05e7a5595e36b6b6b1a2fc0b,64.68955278396606
0d5f9417d52a0173284a4afc,61.220163106918335
848eebe031225fa98d07c130,53.65290641784668
34ce373fb7035f31d87cc70a,77.68110036849976
5d9c52c4f6a95bf815bf9f9d,43.00346672534942
aaa6028b21666bd2852860d1,46.54344916343689
dc38b97aea0c3e107db17a2e,87.50712275505066
af48e93d9f636f2127e403d5,10.97204685211181
eb52ec7f9a575e8487224b3a,30.299770832061768
9e199f1dc4c7bab7e40b58ef,79.79357242584229
416aca7199b561f0b928dd2a,83.61407518386841
f0a1ad503f20393c83e58d3a,10.78369095921516
9d278dca79e6d94840318f0f,84.69385504722595
b845b1585e464c3133562663,30.52295446395874
0cd182599e709e92d564cbed,72.25257754325867
4467dbb438cafd796d47c782,63.69143724441528
4f310e25e331034a09dd8b85,86.55452132225037
ff0fa5849212aff1f7634785,11.02373823523521
65464fb74b50614d0a0a91db,24.7326374053955
f3a9e468dfeabf2637f1de45,35.90700030326843
4b20b038454ed66190415090,10.59409007430076
56bb03c5ab676e02cfb53296,20.816367864608758
331a3f3648e79f02ffeac8da,56.60547614097595
1221e08b0861666c281b9a7b,15.561367571353909
e558f6feadc490a4cfabb60e,10.664102435112
53c9affe312538e3d1053856,85.12911796569824
06957dbcee3208b0e7d1b919,12.91077584028244
e679f1e2fa158b4dd1d4c30c,14.626282453536978
2e9d89b3d46e66719ccf0d30,11.26285195350647
ddd796295599c7c33d3c7bfc,83.48392248153687
9837ed31e3e40546f4e26dfe,15.880072116851801
bd2f3d767ccd61c0b1b3aa60,10.748168081045149
800184203df11d845faf753d,66.81492924690247
786ef222c93181cb77200d95,42.33283996582031
bdbcdc16fe3c87c9f0c322c8,70.04636526107788
428f0844b9123fb5612bf9e7,82.7632486820221
f231ab0024fa0fdd8adaffbc,85.16634106636047
4cce0cbf0b813bd33e4e684b,10.98996996879577
359d6fe1aec5e75f7be2c2ab,46.69260084629059
1e7cffb7bbb8c72646c5a2a2,14.389759302139279
58485e4f70961c07fb6e1fef,23.89102727174759
bdb5e6ee9b8fadba82b5c4b2,10.6729507446289
a1981ab7835d19a8a6fc85d3,10.807102918624869
cf5b032485382b0e3a512052,65.72569608688354
80ba124a6b16d373fe4b38ba,18.67432594299316
03622d18ab7787dfd7c3c629,11.72580122947692
c29be37011b2d58acac8d44b,16.924093663692467
e2b7f913196a888762e3f01b,13.18634748458862
67cf28d9496bf635592a8891,78.4290611743927
bd7635c52642e8fb6482c038,13.04509341716766
021ed8e9c68be5ef0de420f7,12.924735248088831
8e4517e4bb82f4760af0bc1d,81.95126056671143
a3249bf9afabdfe35ddc9ba7,59.21228528022766
1a9306d20fb744780b04ca80,63.126975297927856
29bd082d36ba6f928d3d0bc0,87.56502866744995
45d1ae259a2b9c87ffc15ed0,10.78941971063613
34248b003ba1cfd3b4e84749,80.92536330223083
b30db97bb2b0e015a9d706f3,11.06747984886169
ed9064631a4c8301ced69701,10.801176726818081
c0fb367a8074636ddeee5ac2,40.607795119285576
e166ececec0ae0812b3b560a,80.31583428382874
818a44c6166f92cb54d5340b,12.678124010562891
6f5fa01db0662a90d62d7686,71.61852717399597
549551f22d20f4e42fbf9ca4,16.51686131954193
3ab6ebe906150fcb15d6f76a,85.63942909240723
91fc018f8874058c8216431f,13.32163959741592
55bd42da64b5e32d02aa5b36,25.87046027183532
b81f0a970d4f639e2fde98f4,78.99543046951294
193a42d31762786e8061e745,11.12556010484695
6e149e0794179dbe3035bc05,61.343735456466675
26ea776b6d7f200f169f3e0e,12.25815117359161
14df0fca229fb9d3aabed097,87.41419315338135
eb8547ba88b563eb876f3bbc,85.80042719841003
e1b864cdbfda8a6cf03b2bae,86.16054654121399
073fa5c0744beb490262dffb,12.100242078304289
4205e8f9a0d0b620fe2131e7,19.78366523981094
1e9cef9bff542b23fe34c9ca,69.94555592536926
1c5e50e821f6e2c5702f80b3,86.72916889190674
09220d6f81b3c95686dc7a3a,51.08943581581116
bf5bd6a0fd96a5a0bf7a1d90,11.65469586849212
cfd995389ec0f9d8196d6d1a,86.14052534103394
156cd925737e1c400ee67633,86.8739902973175
029ec6f392aad400c28ca6ea,58.85958671569824
dba2c150707f5509fe9be418,87.64433264732361
1df1225b370524fc3d5d5210,85.1464331150055
2888b8bf6459a74fb1712583,79.52776551246643
04debc30a634ac625fac9998,46.99847400188446
e51577db7b72a64f7d5513b6,15.58029055595398
774327c8370a9a1e6245d27a,31.879502534866326
d4161b017636a0098b462b91,86.2403929233551
1cc1a4731cce66334fe33a30,11.562081426382061
cb90114499db5c967895f57e,26.82461440563202
d7b9487afe988dd7e8de5745,87.14889287948608
2939c120956e9fb7c7f86219,10.74002161622047
06304d643cd8e6f803f6666a,42.6543265581131
fa3621fc48b98567c9b99df6,66.85331463813782
87ff5bb62d512e3fd72a994c,17.191265523433678
06d70804722c0ef38085e272,10.720935463905331
d0a1c774260c4362100b4601,85.4478120803833
cf5d8c2863c37b0fe81d7731,83.15132856369019
b848f7fee55f8ee7f27cbfb1,82.2210967540741
b0bf147c2c6c73e8326123d0,87.14115023612976
e57abf957ad68181f734b9b9,85.651695728302
af74ce7fa5d2c749fd22a137,87.5353753566742
c07814011081ed8a16dc3dee,10.79790592193603
2c3adf9267f19066addb3c84,62.84247636795044
f3ce9b8bb05f4b968f38f024,11.48862987756729
0d257c10532e36390e816690,24.68275427818298
be23350683a6ec1d0bce01cc,85.18277406692505
fb0f295ac22b416a7e3514f7,58.45864415168762
0d4185fb0cbccbd1d9345e01,11.68059334158897
59993c41bca84baeae14a422,82.10957646369934
8510165dd8ea85367541327e,14.64214473962783
6e534e0872992e02a0c7bbc1,29.686158895492547
6eaa38044c16c5b521e7e879,87.63896226882935
32c1d43162b3927b06b1b029,81.02793097496033
e9f94fd5952bcdde59b7f11e,15.62304198741912
e958cbd858035cfa0815fb9c,85.07799506187439
162cabb56a01f40e35bebf86,10.800722241401669
7b37cc4398f0e68443cd4a67,76.44607424736023
b66c225fff5eab57ddcda5d7,80.2452564239502
f8519f563d639487a8ede6dc,12.23703101277351
397995f48a8a9fe055c69677,26.77474021911621
83bc3cf692cf167129806803,12.546908855438229
2c9c502c39a308ff4193d3cd,18.79520565271377
0d19ce5b86d64ee39dd65977,26.76233947277069
f6eebddb9905fffdb1b7af05,86.64462566375732
0201412499e1e7212340f13f,11.33314594626426
807c1e3d891d9cf463b423b2,21.38184458017349
89ad7dfdadb5cb2a1b90311b,81.2734603881836
af26de423646ff2035c45d9f,10.69390326738357
4fcddb1f085fffac31464340,13.085751235485072
21ffc1d6315df5f96105c4de,86.92424893379211
d17cbf345ddfac26fc30c5f2,28.477883338928223
c3e806b844ab01a1970e4242,11.10739186406135
97f7de77cf800223f6922693,11.45751029253006
8b0e3326c2bb7c75fe10a1b5,11.03399544954299
5e3c03f3307a2601dc7ed79a,57.38346576690674
7071ae15a43ad97ced65ae1a,11.32906898856163
0205ca67893777f194bb3da2,11.05352640151977
5d9baf229eb5fedae7536a2d,51.07837915420532
e9225c1e4c6246502ff8470d,12.16113492846489
aee97bee781d08be457d65db,20.816269516944878
c7ba2c68fa5f7ad52600e1d3,34.24224555492401
2c39302f257a58ff74296702,84.16722416877747
ad9f62a21999b86018235743,86.79625391960144
ae75cfad7d97f3cc8ce59511,77.43982076644897
543a2b86a4bed1eb38745e17,69.26698684692383
966b9692e0736f1aeb6cc9b1,13.811628520488739
bdea89da62fba3b13cdfc899,11.35773435235023
a0bb346bcee75e2e42004294,70.76930403709412
2c183a16a702dd13d7051605,12.342683225870129
f5f2595b5396fc01df219cf7,11.47764772176742
0482ad6fa398c5943312d1e1,10.83732023835182
b546ba641a6a946fb8721c85,11.95933148264885
2b70b6db96b6b38094fbb3f5,84.07117128372192
8874889dab825e8926410a0b,11.79243773221969
5db24066fe0e9118d9dfbd1e,15.407083928585049
883c1f28b8d64aa7d2c01da0,11.26339584589004
19308480a8a54603acb6137c,11.66988462209701
304bc8d19835072fd7328ca2,10.90404912829399
f38b2e427f7e4982bab04935,74.42795634269714
ceb4f8a9ce4d8d7f23362bf1,79.44458723068237
7378c333f38fe288a30f86d9,54.93735671043396
36d523f2774e82c379c3c707,27.75159478187561
b93ba9c655b224d50a7c9dc5,86.49993538856506
d4d5b69f1a5d589ed99c48ac,34.87547039985657
73019bea4d7956ecd01079ea,12.734861671924591
90dc2a3daa1cbe42217f6a02,19.4509357213974
ec054438a3acd26eacd3c254,49.73066747188568
86119723164fd03f28e569ff,87.41003274917603
084a0a6658192f5b1167f0ca,12.04818710684776
35e92deca01caf216e5307e2,11.295300722122189
6faae7448b7a32f15762062d,41.71651899814605
7c0efab977e45c9d82953ae7,10.71760430932045
f54e2d7c815031226067662b,44.76144313812256
639e37be971a3d74f48f1243,22.85099625587463
ca7e0717924065623dcba048,10.72368621826171
643c61ce3be8e153b844c1c2,23.89757484197616
476d82a07212c17a556482a8,12.08287701010704
7bfbcc119d77299f9fb720c7,11.849690228700629
3695e20473a32cc67c98bd22,85.29666662216187
926d7e2673d7a9e70fa8a3f1,12.217101454734799
5f3163dd58a49663a38abe36,86.81343793869019
287a95f57f834198ca894a71,10.997845232486721
f94505076048218b5e026414,86.05666160583496
1234220604441331998b8c44,20.7739919424057
06004f39a042a54c08e20fdb,11.41389980912208
c638a72d32bacfb51154971c,86.56169176101685
e67d81c95e1896534243cd7e,11.98961362242698
2cc004edcb87ca84df7793ac,85.53296327590942
df7683ea93df1cf4e5a92dd4,66.73800349235535
c333ff8c5eb5ea18c9844f4c,51.555490493774414
f8dca9b30938b66ef811fbc0,10.71601584553718
465a263cf86333b742334d15,67.97510385513306
6cb249168492c6575b22a35d,11.136595904827109
91acd16fdbbf3074409fa267,13.996396958827969
201f18f5b58c5397da695406,13.007853925228119
7941b8908d6df559b11d9ae8,87.3053252696991
aca0dde9b0d9cc2addcc4e34,13.533143699169159
fa6319877311d877e07a78e5,47.1256673336029
c182e4fc95cb571d3beaba22,10.93212515115737
14a6d101d74393ac30c21c59,86.95562481880188
4e9af9564052f1dea5de588f,87.74101734161377
9a3bfd5a3d4b406a25bbc55c,11.737703531980511
4bc5eb1c0b52e69c6d142acd,12.16075271368026
b0ec43c894cf1edc7765217d,22.47383743524551
20a3af90b297630e1b889555,17.33345538377761
a0ab4c0f5bba4504d3344be1,86.75427436828613
77145c64b2c007ed37dd5ca3,66.92500710487366
17e059c1a0f12ff0f746aa66,76.4448881149292
b9b28179bd94454ce5ff5c81,11.036195605993269
56a025174c20eb5cf7cac527,27.71146595478058
3ac237984aca11e0a9c23342,86.39112710952759
386b59dd190cda4c9812b2ad,86.2152099609375
0fb904e87fee649359cb1359,69.58572268486023
176e7479decd180db05198b6,84.38706994056702
c715fda3dff505244ac5fad3,16.80280268192291
205ae72fa43ad2104b2ecb2e,11.18930280208587
213f81824b65a1bbb68e8166,14.969813823699951
deacd521711fa512d3bdad78,13.39980959892273
2981d85f57cf4a4500cca45b,87.57050633430481
ddc9f7ef2fca8a3813a63d15,12.58602291345596
83871684038e400d6abd5163,12.807339429855341
dc596889fb26fbe346518071,15.74204862117767
639b36c295713112c87fd0bd,12.17974573373794
bbf19c669b09c2aafc7448d3,10.66747978329658
b5717ae3dd50c2ba684816b2,74.44764971733093
1901b79154bf91f393c86964,85.9000563621521
76cf7b9b3e4886698551640a,11.2355425953865
9c8e737b8c607a45665ea0b3,10.875291377305981
762e9fd0dbe5c931ff550c79,10.66744551062583
6e5b4c51c038bbd6e18f57fc,10.94038188457489
aadc4edb21ba89f0b72938d1,86.09040975570679
49d38e329d2cdc37018cd814,84.76505875587463
adbf4dd3417644b53e739669,87.35133409500122
a3374c8eb7bd8efaff54b500,85.44049263000488
62b3b467b646145e169b227f,24.3244394659996
d0b07385506740ce6a94ccc3,13.297110795974728
9d01dd512096c9f8612733a1,10.96286177635192
5ab389ed7e8b6236d674eb59,66.14103317260742
e9d4ed6bfc0c51b805cdaedf,75.9371280670166
81d499cb14f494aa76d0c3f0,21.50939851999282
25c5356820751c5092dcffd7,75.85929036140442
679acd1b95fbc3138383da8a,64.26257491111755
dbcc50aea0ead1c7aa51111f,77.02579498291016
d87499a8f64ff082ddd68d26,13.591399788856501
47e0fe8bec8825fed7ca38b5,63.39561343193054
8d2cec5a0a377e3cee4b4642,79.35267090797424
2e79646327dcd9d02c339cfd,21.88436537981033
f5f83c8654271d4f8cc62616,12.04654425382614
46f8402dc68bc972c1b213bc,84.81853008270264
4cb1154c56d503d5606f4697,57.69848823547363
22c71be2d410c3370219cd70,10.70092767477035
2ad395aa5c641b995b8745a1,86.92417740821838
6d37ed88dc3486108e9546f5,86.86562180519104
5df1bb4a2ca46ed00250f39e,85.23005843162537
5c8d244ae8c0fec5e7692db5,18.45997720956802
91b162b70bbef8f6376f5fc9,81.36014342308044
393ab4d415e9318fd37f0042,11.36516705155372
2e69f880307314a57ce26105,40.800940990448
fb1d7e346c0fab8e2cc26835,15.606234967708579
5ed8cdc889b2c845cc6e1deb,87.52336502075195
f2ed29d1fb3694dc475d7af9,83.28801989555359
6ef684f7a6dab61c51a7f33f,83.05549025535583
5642240c9865e9e256228510,83.36108922958374
f2a46bb83d2aa80ca1ab144a,55.46918511390686
27371db34daa9b0714208f0d,26.715782284736626
49ad5e13d4171b71e6756305,15.573213994503021
4e4620f16edcaa5eed3ade07,29.82529103755951
d0f684972cd028a312abb9bb,47.78705239295959
9036908d86f61104ace01829,87.69201040267944
439347743993a24a553d08a9,16.84072166681289
9742c0029cb73c5b32bf2105,12.291529774665829
870cdb302452a5afb56f02c0,87.47977614402771
32f596db1148ffdff3d19d96,75.83853602409363
c45a4ae91be728b9ca29fee7,19.20769065618515
a64e3cbb4aaf1b50e686c184,13.938862085342398
d2d8c17a5fc1ca11f8d5960e,85.41678190231323
fdcc4dbba87fad870afd492b,80.0580620765686
c077a60cdffe008550717171,11.10935732722282
5c611ceba27a9a2771dee5d5,67.30785369873047
652ceb2773017883da00ebb4,11.22145056724548
fd762939a9786d3a15a345f3,13.20984810590744
46d82d41b49bfa0b0d4ad78b,11.54965758323669
011dce80c71c4a6890f5a7c3,31.041482090950012
aac2fbd53877fdf36ddb54e3,10.951875895261761
7667df725e54acff7508ed91,63.42160105705261
b013b67910dae4314b4f640c,65.99720120429993
c6c8dac4046d61ceefafb048,26.040655374526978
4963a5d6caf4c69456b7f243,11.16667240858078
af5476f9a42480f83c986f7d,71.77833914756775
e29a04c4d298473e0d55d78a,20.21084874868393
32c70bbfd59b9a8c843bbaa9,14.371959865093231
34d23af17d63b9984b6d7b12,67.09398627281189
25936f4ede1e79c2c03ee416,81.41887784004211
6c444e2bd5198f53955179b2,10.72741746902465
ec9feb2d5748f42d96abc7cf,77.2402822971344
90b74936b88833e4cfc15dc1,87.74840235710144
2f84378329d02fc0e56f383c,35.04255712032318
1f179a9e9a91b59b1fbcd997,85.88870167732239
30da7f502e5c73b4456dc394,83.00837278366089
c9d7077486848abaae3a602a,87.49486804008484
efa0e8c851fe66d5cc973ad2,19.67223435640335
225991aa09d0de95cefefdbd,19.73939687013626
f00ce9a07628c2a13d117ac8,10.69454327225685
e41a303cc7339152d4897486,18.25804710388183
ca6e02a1bc19e9eefdd21a12,11.28761917352676
f36dce5963aebb3a5e252bb7,51.74710750579834
706873b6b91ea3bd44c86914,17.96847581863403
124aa9a91fe26886edc67d3f,32.50157833099365
b0bc626f91332d5e159f1a67,23.813532292842858
d874f1b0ff66041bdc6b9396,87.2534453868866
91224247ee73bf1131369bf8,11.26976385712623
01779ecc5bec15cd83c939fb,12.804649770259848
c8c80e92d162b3ff6d40374e,10.775277763605109
9966aa655c83c90b0be8ccb2,11.35486364364624
be42e9ec8db0b49edec3b68b,14.94939029216766
65412ebc99ebdba3864456f5,78.4907341003418
f111f3ab8c3d24650817a5b7,25.231510400772088
48a0c035b3cdb802e57a51e5,87.55711317062378
7e79bebb5a9e076356c30bc3,87.47192025184631
ca2bed91ade50f1f2e7615ae,83.43203663825989
6c486f0dbdbf6c01005b641c,87.05079555511475
ba8fb13cf749722f9fa04cfe,43.17174255847931
5b1dcf8d3ae610130308b34f,86.71919703483582
c801195b9c6414265c2a36eb,33.22800397872925
8bd4947693824fb6823b4f01,11.137742549180981
254831290bf563eb65066279,12.87088692188263
7f93ff8ee3ac7460ca62a172,10.90737283229827
11ec455ed32c0fc1525ecf05,72.5902259349823
b450641d38b5a96e2727ee28,46.65966928005218
b17620543d3fcbfe1889567e,19.33822482824325
b4ee6610af9f20395bf9f785,11.84500232338905
c6137e954b7ecfd277cd51cc,82.07693099975586
53b96930da37c6c42fb59761,11.09412610530853
ec0c884f33b3b15d301c6061,10.71510910987854
5a8ec1b3c23eb52ca6bc9d7b,36.09236180782318
a849ba38a2e8253498b5d4a6,55.921125411987305
311eb5b6c501a2c4269f3b52,10.81140264868736
741450d5fd842b27e4f4570f,19.9253112077713
0dbff48ddc8e61d306bf7912,54.106467962265015
71f75b85c082b23abdef843b,10.63280403614044
b001a5237a970b4c857e136d,57.32110142707825
79562e1561191073355b6a26,12.42348328232765
5b1c47aba4f0daad251e43b4,79.60980534553528
3902308367147e1491e82306,11.15332469344139
86df1696676dd6c560d36741,34.29392576217651
f3d3761e9a4be5cf80a4e51b,84.50332880020142
4a4bba2b5a90df03340fdca9,71.89490795135498
adcce27fd2db807c726cf994,86.91972494125366
7609027b96a4bed9d0cd736b,74.1101622581482
11285cbc5a4212cd4292e4da,11.62372529506683
eeb9223d010483167a40cecf,10.78366413712501
30b779bdb9e40d594f553883,10.721492022275921
b9ceed669c31ef5323571d77,22.795844078063958
00bd63befd0c2cf55fecbd01,12.33250275254249
4e5c33862bb031ac8c65c7df,11.01647987961769
c6e37d66cf0b7a6c9d749e75,16.87312871217727
b19bc9317bcfed65ed5de4bb,62.69165277481079
b60079213447dab82288b8d3,83.74569416046143
551d02246aa19ea78a41aab7,66.05483889579773
b30e17c9fefdef15a2cc8d8a,87.08808422088623
175ea7c8a56a396782627bc1,11.08415499329567
c80f42fb46e462351b84e4f3,17.4772024154663
3d8734a31f36062e94ce4b94,14.7524893283844
d595ce8de5fffea0745a34fa,10.76681613922119
37f6b4ed2abd5f3e9899698c,80.40672540664673
aeddd176d903434880365c2d,44.24340426921844
821f1bfebaae2fe0cff4fd77,83.52712392807007
bd35098c408b339a67a92b97,11.50689199566841
5303e70b33dc774f79205f61,18.27823221683502
45577ebcb870a55cfe1fd1eb,87.0055615901947
dd5aa66bf3d4793aa5bade28,15.01986533403396
2a7d90db0bd848584043beb3,15.06292074918747
f04bb83a9ac6e4f0b7e7efff,85.09946465492249
0f2b1b1a0aac577e3110d380,46.04626893997192
3a3e4646c20e40b2b62af533,82.17173218727112
f27d902a27f312d1f4ff31a3,14.65902179479599
544f37cd26089b2e12aa987d,84.04362797737122
16495fd8b41889bd97fbae1a,75.26555061340332
d8a680fce0654c2933193d07,12.60697245597839
df49489032aba4006af3f138,18.222156167030327
41761902933f61a5d9b82f2d,20.05136460065841
8323d3034fe30fac818228a5,11.64213716983795
b4c2b6b1f3e9fa462b67ef0e,14.661833643913269
1c31b5ceeb92307b84d3f2bc,13.67221772670745
d954bcf24696d20cd2f4a7d5,44.49653029441833
d609aef37917ecceb6477ad5,26.378807425498962
29dc0f0223709226ede4dbef,85.49069166183472
c37f16f99ad362db98058444,11.19264736771583
1f4232e3d582ae72d3d44554,87.26096749305725
f82cfcac0b078d4d91d0aca6,46.36514484882355
19c0e0509bda98f9d8774b45,21.03102952241897
6c8745e4c1290ebed7e7319b,19.63525563478469
f695f722b8ecc28fa75c7954,17.981575429439538
4244dfd757d29598cfc6236d,11.33293509483337
1fd685e076bbe1e0ee85c98d,52.96815633773804
d428095eaa4bf48df5116aad,23.765698075294488
2d3f67f569a444318b85a4d7,61.617279052734375
38754817429609f4f58a5c44,11.8299551308155
8a76ccfa58fb34eec1d81b72,16.38680547475814
b4a4e28d680f9cd1856bdf95,10.83098575472831
26c4198e538a096f7382765c,15.16840010881424
58a79b11f120917feaefdec9,87.19140887260437
f5ff3b3949c05202ee7895f5,56.91136121749878
49e8e79dcb2e8a18e10a81ba,14.46164101362228
515fcc40a54ccb6209ed3406,39.74204659461975
a59a4c7d4bc8cb0eb6b09e58,24.19350445270538
c708f46e0f58f3ce0289772f,29.30806875228882
4ccabc8f42bad975c609a511,86.64617538452148
1ba4d04e63b8bf043bb8f54b,85.0337266921997
4fc53f8f4d7b86fbf1c70ad7,10.97176745533943
ff24601ee49a0141cc5e4141,19.907040894031518
4106eac3316ead98ce80c672,11.00678592920303
7a28d5cd74dfe15b4efc136c,15.614865720272059
ba90aa7797880189287ef776,11.40738800168037
e636fd26516a0fa3e5daca0f,87.44651675224304
a3f99194b8a3fc606fe184e8,11.85168698430061
ea7ba0911929048200730088,87.28845119476318
7db56d21348525e7424e91cc,86.84285283088684
4fd1e30449c591aa213c3d71,77.62545347213745
a7096f61473eac063f4647d3,11.37482821941375
1a5325855ae81e00bd456811,29.929623007774346
c76894dff225675809a95d75,12.72847205400467
53d5e570a163d2f023839a60,11.26195415854454
a84c71f7d3c2e5faa1185785,11.53052970767021
33a8ade05059a97bb0bf6ef8,21.37144654989242
3655bf1969466372f09bad9f,10.72831749916076
be8da91cdbc77c3e5e8b417a,78.74648571014404
c851f6587b5f03c215e42cd7,51.39554142951965
ce68ea22b29e54e512624575,11.139103770256039
07d243bc69fec6b370c885dc,11.67089268565177
57e1276d67accaef1b38266c,87.64616847038269
febc08c3a62d749e6b9d69e9,11.45597547292709
aab3bb14cf4be251a70151a8,11.06225773692131
03bcb5fcb8b316f87553da8b,11.740823835134501
96f4cbdd4d3c820cb23ec4b5,24.33116734027862
f388ee954bedb1faffd40339,24.734170734882348
1ecb2bce130033af19936aa9,13.330557942390438
98ddd13ebc9cd59ff4d1b865,80.88319301605225
f0152fbc1a6d49348863f677,11.66400238871574
a2ad8cb41bb795095f5356f3,40.61822891235351
7509f6d8b8bc5501f4fdfab0,11.18489205837249
db62901c19924d9407b56843,16.14668220281601
ba15348f8a2c960c66e09f00,80.97276091575623
1664e1b4a6723c590bca7e9c,24.25016611814499
592de62c27f1fdadc24339b3,39.36783969402313
0eff407254749571ef66db16,12.640410661697379
18456a5f09e2843e7fe6bde9,75.40487051010132
723d68d1451c6f99d7cf81f2,12.807667255401611
ad72c4ceeb0462378f78c04a,12.557472288608551
5b0f91c5b046f5acbda8b783,18.45196187496185
62961386792f2b1e04b49d0d,10.72223708033561
b80ed5ae2dd006e0d94bb98c,71.53149247169495
1394d2fe987092db97e05aef,10.78060194849968
6c02423942de0dee214b8740,78.7849485874176
b219b73f0f2c2591fe7ecf74,10.90561151504516
cfb29d97fd31fadb9557ffca,20.254674553871148
c42ff580d94b45bc8509f30d,82.51640796661377
1c5d759366fae72128557e3b,13.90906572341919
20be7e4ff598970f2caf7676,27.31158435344696
bb50a4b8fe01f3895183ca03,10.79981997609138
5c7e1545f76405b0992a365c,10.74245423078537
92d0d49b827d0e563c32d24c,10.68053022027015
99aec8c2bfbf7266b103fdd0,32.03172385692596
98fc04678ab57834ff938c4c,27.1961510181427
8ac6b45d17d6fbb51426683f,86.11021041870117
fd592c746d9c3068b51eb9c5,87.10670471191406
63c2bf915906afa1f241901a,10.84687411785125
434e6490aaef8ab3ff5cbbc5,62.87047863006592
c1778f83d14f24382fe1558a,77.27822065353394
5202b5c3e822b744b7245d11,16.94914847612381
65978354bd743a6131421dcd,79.87110614776611
ae298ad66262f456de7fe48f,11.39566600322723
66cbad84cd31f187a81f1cc5,75.80341696739197
64eb1e5255899c888d6e356a,26.28736793994903
60fa77d2e8361d3f7fad9305,10.94032973051071
e79ea177183b652ad31d31c1,11.25443801283836
23f1475f604d6f662ecdaa42,10.737922787666319
8639ea2f978498007128e8c2,53.35153341293335
c3374c1ee02839f6ccc571d8,87.6188337802887
3ecec2dee68aeb36ec9fbe2c,66.64910316467285
54462d5b8304a0c999174300,74.00363683700562
d66646f0f50b6375a22a8613,23.53613227605819
3ecdb8b2c5d94b81c1984538,74.16958212852478
bd18b5b6887018afd70f1f15,10.8739323914051
6c27602b7ba9d4f54ceb9e5d,10.73590144515037
372437690e0b7d35b41c2544,11.42645701766014
dc46f7ed117bf14af43d80da,10.91543957591056
0843b3dfdb7a2cd10baf9084,41.83681607246399
6f599f781fcef13762ad7f6f,20.80786973237991
b3623405c3f870379770a9c8,14.10024464130401
cb5abd20dcb657c4c03a1419,85.81323027610779
ffa9c439b1d6f05eb5bd1eb6,79.79874610900879
3581ca4f92a8a63b0c2b5fe4,69.62290406227112
390d847af38be6437a7f2c57,10.9318308532238
c43b196a56ea09b1e502008b,11.15549355745315
1410abbc6e4d182099147d1d,35.95743179321289
66ae532d229172189dbc6305,69.94959115982056
32874063b0e8ce5d39f212a0,41.82574450969696
0a01ea4ed560ae24f7c27806,87.36017346382141
01cd94a20e1a532eb4ce17ae,87.19161748886108
3019504694f3b7be1e0035e4,11.48793250322341
c621f82b9c30c653aabe50b6,34.72330272197723
dc3d7be0fbba3fcbff7acf3c,12.634764611721039
50e57f8f54a38506a5caec24,87.37592697143555
831a5919c4520d8751edc0c4,12.41110786795616
8cbe19b42a7d2da9afde677e,20.485180616378777
185f8e944c5e3eda1e1e2ce6,20.70242166519165
ee7aa9b088dbdec7aad25734,10.85439249873161
6aa6b1fdc22b8d1cea6eeb82,11.07138991355896
3a890352bd70720446ec8d8a,64.76422548294067
69b6f10449adc01b6c4def09,13.96663635969162
8ae7c102d59b50fe3266f93c,87.00636029243469
d33248103dafe169f0b926d3,32.47295022010803
109d088cdfb16b1e43d99347,30.318251252174377
2150d5d58b0f1c8eb23136bf,31.799274682998657
0b7e08bc0d01d70f0dc105fa,82.43023753166199
2b7b9f9c4f75e260596ba573,12.50623911619186
dec4e0b1f09e8559883af773,87.45326399803162
4602544942dfdff10fe6feb7,27.59963870048523
6b47ff204a92e6fa177c8ebc,38.06624710559845
f0f8aeac1b1eb9957d1e0ee6,22.94468432664871
b40f009da9662ae1d4ad2c34,10.84570959210395
496e0b2307f0c08ff953addc,46.31333351135254
92876cb004c199bef5fd2d93,87.45770454406738
a851ba43699bf3a08127ad19,31.17084801197052
8c39edec2d6a79a1fe2ce8fa,14.578786492347708
506114e8eddffc190899f553,19.82698738574981
4d530db5c0ba02b36d6ae83b,39.764517545700066
fb3abd5917d8df8786dd17b3,70.1498806476593
bc62d75eb132ba256aa1599b,55.02442121505737
65982cc4df61d546d1fbc096,35.42936444282532
58bc4ba8eb2adb37b712b4a2,87.81099319458008
a5e3e8433523271688c12a7c,77.87508964538574
62b380490f704050bdf46608,73.53416085243225
4af86b09e2e0c5ea276f0266,11.04461327195167
c983631db11536dd87fcba80,85.34043431282043
76ed9b06db421078a6466c71,16.56065732240677
c3cc35dc6755b7cfdbe20440,10.79795733094215
54a228209153f443ce1a4482,11.05380654335022
0078fb71f206712d54d6d867,39.63269889354706
0c8c1221fe5df9e3a3e3ccff,49.62196350097656
2c1751fad7c7749c3983605c,11.97043135762214
ce0b2203d7dee9ddbed680d8,73.28941822052002
af7792e2d14902ee4bd92496,71.5181827545166
6853589de3ce63cb413e2406,31.749385595321648
bfb3570457b080b6519efbf9,10.72316095232963
a19e380f57cb088cad6bda9d,10.61795875430107
db771bb5822b9bd809da854b,49.38800036907196
97e430790e6e13046a483bc5,62.501949071884155
3622d791c5039aa9fb473a34,58.385926485061646
72d2a2b005a006f0563ef8b7,10.99205836653709
e8b13c8a2556e1aa62feb5eb,11.80336251854896
4c75812582703e50c1ff0bb9,10.71093082427978
f8f557921f28ce0e6750ee6c,10.96696406602859
624dfccb3272d7367fd0887e,23.39682579040527
c89b285fce25cb5dde0522a3,77.30077505111694
0a7b47b5761797c2bd56ecfb,25.115865468978882
2e4470e6d6968f897576dedf,63.501185178756714
4b9326e8d224d1e9f8ead07a,14.3218383193016
c6383f73a5889a589f326812,10.78313067555427
63a5518c3086af0770c69279,26.02227628231048
b6373e08a32b5fc52ddba96c,28.36783528327942
50677b4123e7fce371f374aa,12.51106709241867
acb7132cce7148dc3fbe7358,32.5333833694458
05f3c5af53bd0c2ab6f30e97,10.930029302835461
3c87c17680e9c41fa661e92f,58.24992060661316
27b02737d14592345cc83b19,56.104522943496704
e9507424d6087def081a178f,11.40685677528381
ef27473b7f0ea1d469908001,65.6408429145813
fdf7c9625d05a117ac2d8d75,10.74080616235733
e5ab1f232dd89ca547cebb04,50.2871572971344
68ae06af6629a800df0bbf4a,11.38166040182113
a4a1a4b878d26b0eb6bc4faf,82.15100169181824
38f78774a10e0a7ef1756609,10.64947843551635
42181f4d066426c9d2c1db84,16.315358877182
497fdb43774a8f96f4e411d1,87.12846040725708
9ac80de78ca3b802a11bf601,11.00159659981727
1f0f03a35e6b40386d2a92af,39.20779526233673
d5cd0f6363ad3a9aaa59e6a0,82.80248641967773
8b714d78c887cd61cf8e91ab,76.3421356678009
120cbefc127d9925d629ace2,10.94358712434768
a58368619b21ab0867e13a45,11.094054579734799
bf57ec1524706bf31a5eab90,30.52697479724884
2dd5fbe6839b72b15eccee49,10.92401817440986
8c13e95e4b7611e84404ea62,87.2074842453003
2abea0ec425aac6a0ef9001f,82.86572694778442
27ca76a40619759d94ea6213,68.61501336097717
42891d2f6cb04ce657ebc398,75.78324675559998
8b081bee5ca178336ebac07a,11.1397385597229
24fdce9795490665d408523f,52.1195650100708
ef1e4066a10733e533a981d1,49.859562516212456
96d02e05fceafe8abcbaea18,37.66705393791199
02d82a9ce99d82b55c409e35,87.23738193511963
023814ee2f4ff2ccfa0e574d,12.15174049139022
5b028224f53ccde5f44340f9,80.52276968955994
6c02a7829173744481a27c51,13.586831092834469
182568d49498f398d2a327b0,10.8708456158638
4753f7a7cff27f012eb45dde,53.21449637413025
2e75f9c0c970c5ff25125e71,74.42317605018616
f540aa27c517c3fe4f2a28f7,86.19967699050903
19e8207c08d027ce980429a9,11.18989661335945
6682c89a549cf8417850a1a0,10.93605458736419
b320babc929275955a1293ff,10.86572036147117
bb4e49ef02bfaaf20b692120,12.498237192630759
41e48fa92c4d7b8021753b91,36.15350425243377
d69c55f4c35d84dcccd7f9ec,70.13397812843323
27946d1ff5f2b7e98bb84830,24.013470113277428
38c139f3cc0e98281687751a,71.5486466884613
1c438c2ec39d77655740cc40,83.53247046470642
6fd34026b5777c31b8bf2059,22.94605374336242
60cc9fa096f97d80a2fdc4f2,39.0924870967865
96a7565b49da596ede3d3a93,87.39215731620789
6af7a8fca532ac2d53371489,12.744924426078791
955c007227b410ace8f67a41,13.37943226099014
2f2e7239bf99b9f7ce166a31,13.44829797744751
e2f2bab252c676668838f745,78.95307540893555
0a2ec2c9670bdb6d180b2e4f,11.98061108589172
6fcfa2aee3c032d1312408d1,78.79924774169922
56ce5fa3bb50e18ae21f8b36,60.436779260635376
8e805f29c1fd9c171ef3bf53,11.7116592824459
be669a0636b4d7a8731ec691,11.22857481241226
31db08922be71ab230427aee,87.36804723739624
a843b374a8038fe6906d214b,25.76033473014831
03482b95674d44c66875c94c,39.427450299263
1a0e7112aee3ae9d90311d35,82.7682375907898
3b0bb07731125a378527683c,39.3140584230423
6e60fc745eb999aeeac3bead,73.45454692840576
9b9d86c61a95dadab87dca61,19.792915880680077
819c4751e6bff6024bbfefd8,12.26220652461052
ca733b496b18ddffc534b304,77.10483074188232
b7b2a5a555cf690ec8db1178,43.51528286933899
664a65b50ea0efa24686b45a,10.92538312077522
4fc0ba87be06dfcdb884881b,19.766271114349358
5d4b266efbc000c73f764246,60.51722168922424
92baec9f313e822554302434,11.92268431186676
95cc5381813beb3f8de1bb4c,10.918190330266949
22e5c4e689cf5cca27c2294e,87.53467202186584
4a78e620354270b03aba5591,77.18261480331421
a17e25d03774dfa4c4b3e498,35.74161231517792
1a0919414dded19ca0f02be6,13.61442655324936
2af9f2b0156ca33b057e5714,16.0645991563797
390859648c88a11b17e36004,10.955635458230969
77258b3a35f31745be664cc3,10.83653420209884
eb29e92200ea4d0e07c7f4c5,11.79787740111351
767d797a2dff4a1545a9d377,86.99491024017334
70238972f5083208fc6cef67,11.30494698882103
26c0b24411f215e7aeb9c69e,11.283734440803519
41f674f2a3ffda379ce00a29,12.809379398822779
14794d2dbfbbb2f565714969,85.01865863800049
31f50e58b076189c865aa056,81.85324668884277
209107a22844166e1d036caf,73.35709929466248
c59ff2ea174ff7d016655e76,82.62612819671631
7dedec5363d1adc76d9d65b2,11.605974286794659
5f5b04bba330454ce86009a8,69.16512846946716
b4492c50a0d9ef5100e17e71,14.56768810749054
909c2bb2ce2945126cc498f8,41.49306416511535
979b83adfd699a4427350edf,33.91207754611969
3b869503253be8846714f019,67.8763747215271
eabac225a870ebcccf632d3e,28.29294502735138
784943555bd50a56404dd61f,11.89973950386047
d52db25c4a81056468d940af,87.15211153030396
e03a8f820d8bca5d4b484f89,86.76170110702515
772bef0500993a9c88c24ffc,11.54835373163223
2a27fed887ee2de6606bc46b,10.91109663248062
8c09feb89710415f0e49d365,11.20731830596923
c15211f0f0900733d1adb0f9,25.586196780204766
0b72d515f8b49a872ed07c89,70.05001306533813
6ea5d9248f0ba71562bd1abc,14.57472294569015
d3de0d1fdb4b14b1c7d520ea,77.55030989646912
8a21411fac8399d23fa7f23a,53.916746377944946
34f64e250138d860159cf702,31.60940408706665
aedb38dc7b3ea6ec5aa8d9d0,87.40653395652771
ec008630e1ea2d5595a03cc7,10.91092750430107
ef22d19a62ace00edfa1db8f,19.2885160446167
4cb09e1a17ce8059ac6ff4a0,15.55620729923248
59df1016392bcea721b2d4d3,13.83155286312103
0c0d0b7a9d61c5dfd1c25994,87.62348294258118
86dd340f4fdf1ee683bd7613,84.56602692604065
6654116bd7d57a7a85fdb604,11.585289984941479
c982a72d385cbc4e105ff7a3,81.45920038223267
1e504f8f4c2f5177b7186dd8,11.11096963286399
af22f0e29d0697ccb35af141,65.58753848075867
9e62f21073ba25aa77ea36da,85.76846718788147
271874c8ba588f5f76f75689,87.2503399848938
ccc1f7cf83312ace593e131e,87.21425533294678
3281e522251c85bbe2087a30,87.53957748413086
8ae0d21b8c28fc8c133feaa7,12.76333630084991
8a543397b7463dde1422ecc2,11.974932998418799
b3eb9cb80a11cd0f77619c58,65.69266319274902
e9e366364f617591ae5ef17f,87.22413778305054
da0fb3e410726c49df5d217d,11.31214126944542
7805031deda680c31ba16e2d,11.63343787193298
4875d572be0578ed7667a109,10.71689799427986
37ae69f503fa3638dc535f7c,25.000739097595208
332f96b9e8a97e058abb6c59,62.40527629852295
d9670565258501614644adff,23.10775816440582
597d92fbad17d823baf936e6,84.41662192344666
b979df19702949389d848214,87.27061748504639
ac2940557c66cfc9ff80eb07,20.8870068192482
f0822a3ed75eb00bac44ecd7,30.89577853679657
5fa094818fcf5ea827f2772b,12.42254972457885
4eb1059dec983bd32edf058b,64.7278904914856
c0c6d3d4816b9d664e3a08fe,11.00729554891586
4febd5610f4f67591b4f5d9f,83.67425203323364
e0dbbdd43d499c876eee4edc,66.44418835639954
469a51d7e474c0d049261e64,13.681535422801968
df856bb3a31f4662456c2ee3,57.01879262924194
65d7782e2d4ec1d379c77587,49.45347011089325
7b76d9542bbe9f032430740d,82.58092999458313
39bb0a21840a42f421ec4e0c,17.25474298000335
39aeb8010e5a2f54d900dbd9,12.39521577954292
633f1acd90c9784586845af5,19.29287910461425
e0ee613d353287618d2fd6d6,12.15106919407844
586f58cce4eedf0d366689bb,87.5140905380249
94f3351920774c65749d9e37,87.60946393013
7eb7ac825db1cce14129fc46,70.08205056190491
ef53199ebc462ac3be97d894,15.37733823060989
6ffd76b172aa96b24df3ebc8,14.31140452623367
132c1ad90638ccb7c45c4e2d,47.4843829870224
ec0116ece6032ae1cd01157c,69.25886869430542
631dc95d07390fd4c7996bc0,10.9078899025917
67783597a7680f9ea9002e0d,10.99781692028045
d643d3fcc80615d58905dff5,78.24262976646423
97c880f4870ad1eaf8ba0085,48.27859103679657
521ffadaa2dd399067c6af46,11.94731965661048
68aa809a8869c33433e02997,85.74676513671875
6ccaa4c4e2dd7a252e3de2d0,60.48164367675781
c487a2058ef28dbbff2bb963,10.86297482252121
e492ac86e1a9ecf8649ada55,10.97838431596756
da28ac18ea96a07a4ae4a93f,11.72842383384704
162225aa1714a5b42a7b0148,28.283149003982537
1b7ec672744ab0eacc719ee7,19.05093640089035
eb6515aa3b396c5e6fa819a2,84.70799922943115
9c810705096103db1f7fb88e,10.8278214931488
66aca0dea90048db92c653f2,43.78334581851959
3cda5fe68f410173a171c27f,27.88571417331695
11f625026556caf49ef8bf55,70.09304761886597
5df204d898fee64bc390703b,85.95258593559265
c55b22a8abacae2bc8456975,86.90311312675476
5e1d2ad12008a4c7433f5d0d,78.49558591842651
d3fe6389dccb4c9a2454efdc,11.55019849538803
591a8c92b297bcb4b441f476,11.72506436705589
9eb0174e927e2c105db99323,14.667166769504538
3fbd5a332e7b486610c522c9,79.39158082008362
d7bc7fc3cc7b85ccb51deaf5,13.963723182678219
0f5e5e0b651b65c82f62d208,79.69463467597961
b54ddd797c61c0d037abae85,35.62864959239959
a222bd3faceddfabd3d520da,78.65543961524963
8bf42b80471a82c7261bce2b,12.05026507377624
b7d29f81289bf0abed7a2807,87.2934877872467
e361cecdd637c6a3d24e386a,12.64337748289108
cde4032faa3f585db6b3d89a,11.70089542865753
9a5c27991314111096ed8343,40.23264646530151
cfeaa972433e7e0b53ec8703,20.14282345771789
57434d93e022e5dbccd06c4c,10.66641956567764
f3c57c6e8d730dba9dda188e,10.66535636782646
4133b6f2096a92a2f534b379,60.48130393028259
3e8640ee0cc60bd00dc48255,81.54352307319641
e8fcdef15f0ef7e0175da8f9,62.97672986984253
99f213109212c63c1537df59,40.991735458374016
204fe6d5eba6a67e034e7f65,16.93788021802902
0f27f645b9d9abb8322722c9,16.90770834684372
d1345c13d60e27ed498df646,14.34732377529144
b6f43eebe43e92bb9e359780,87.39031553268433
36c7f3647271e5ab65ac149b,14.48167860507965
e817c0b38615ccb82e17b24d,16.31822437047958
c6660001427a7fc43418451a,15.13694673776626
93cdb9c6cef789b0aec84029,10.6829710304737
38ecce71f423c4efd46a98a1,87.25504875183105
09b6121b0518041492750f88,85.55745482444763
d7dfafe6281330179253c30b,43.57079267501831
807df976c56ae57a1dc040aa,81.92309737205505
845fa15c2938520ada7ecefb,11.81302666664123
e2181bf394771391ef19dd98,82.25927352905273
8a84d0aa5ab142c234389fa8,14.36182409524917
b1fdcd9e6eace710bb903db8,14.28417712450027
527e8c4b344fc3e4fa63a944,26.518285274505608
d5297a914f73bccee0df50e8,87.32053637504578
eb4256b76cbc8f0029f02781,81.89383745193481
ce1c171c92368e3900e3cc9d,14.25388902425766
a1859f58a12446d3483b9638,60.75471043586731
56a227ed2f019e8582e7626c,10.86376905441284
1de8f8c946c0fe09ca305059,53.15577983856201
90a4b1e4adba3aedf1076909,50.70732235908508
b99f38eab1e0174d1ba5b954,87.35448718070984
b8718e5349088aa8ce235534,15.487048029899588
5831b41126080745d6b8d52f,11.9483083486557
f01103382f65792ff7c86867,83.28070640563965
7b8899c24671bd626765da8c,64.1391396522522
24c651cbb80e85f7a23c59f1,79.49130535125732
22d0036ff89b4ab232831906,10.67128479480743
61fdb2a1a1a4a57850e084e1,31.165671348571777
2b25f036b789b9403ab14ba3,10.65964847803115
4295f08b0dcc195699a41789,28.59497368335724
9b6ea17c2311e251b36f6586,10.9445683658123
d9e5a841afe26664b242d9e6,25.97717642784118
001c6ec05c511f950ef9c0a5,30.98472356796264
0e1a079f38c984f90329da7d,32.29814767837524
37b8829126f2f32369f377c2,11.236875504255291
82de3bcec3c75f2d80d56dd9,87.40070462226868
039ef27a488701e865d45bdc,22.33527451753616
0dc38cc3401eac6cd43c3174,11.54298931360244
d1197628f696952cdc66a7ad,86.9722843170166
ee73c3ea1ba67409f75e6df0,50.58174729347229
b537b2949651cefd9605e1d1,11.25979796051979
e6c4a40ddd0b5af6b17515cd,11.93727776408195
abfdc9b5a4eadf2c4493fe1b,10.9623298048973
e41fe005238205faa5478110,84.2168927192688
bb6a34caedc70dcbbba4f5de,10.77109053730964
35d14947ba09befa016f5727,29.72506284713745
e1d5d355803b10abe3300d28,81.45367503166199
df9bcba4ca4cfe269ecf9768,60.02269983291626
96c14d5a47928e49910312b6,87.54125237464905
e1b14dcb482f26483b075e9c,21.54134958982467
f63d69fe641b205527a8cb25,10.913854837417599
42221386f560fadd1ad4da8f,10.82054898142814
77e9326f6227f063645f03a0,11.15241423249244
d819b0f418276216c9d0c908,10.86066886782646
76781b25c8f4e3c5ede3955e,52.302199602127075
8c4a60223f57048934a32c52,11.066934466362
74a89eec2ab8d242fe922e88,15.039263665676108
4bdede27cbbb5ab673d4feb3,87.1999204158783
dd665aaf79c6c79651b7594f,74.10531640052795
63d6ae0c3c62c48aa5a33ed1,60.20597219467163
fde9323fa180350d077d64a5,17.114149034023278
6af739cee29e955da2566108,87.37093210220337
8fdaf0baf48dcc2836764866,58.87881517410278
195fede35953df7b791a0046,85.38485765457153
3b5b31d6af7701fe29c42e7c,49.039027094840996
6c62f0765deb5980f7ac4dbe,83.06131362915039
f2cb103ec14a502f6c2f0128,85.72608828544617
0879b29247ec26313415deae,19.34439092874527
af0de597f4124c38d5fe2b07,11.14951968193054
8eaba2d0e45834a43f3b53b8,33.46277475357055
05715c14634fd817ccd2c82d,17.44254678487777
2f210ab3e79e045300fff272,13.6495292186737
1cb873f3c5963d42404151fe,13.623413443565369
28be91115c240c56eaee1e9e,19.63111460208892
baba842ae3bc583b4fa53c06,37.83232271671295
74afab5485122a843238826e,12.85372972488403
748fcbd2b91428134521b8ec,85.74399948120117
f6cd56b3ebd8febe1516efa3,15.73617458343505
5f6acff5c10fc6db9f764c2b,13.10940831899643
db05cda35629846e4a408560,75.41183233261108
4addb2b393dd749953b72283,11.59460544586181
6c4dd5ac247b554fad3de13e,11.15464717149734
106db702799c80a0fe6a8c21,49.295908212661736
d78854898f219b62580242a7,10.78439056873321
d06610a1c04b4e358088159b,15.95699191093444
4e5c11a052118a1ff3a33775,10.80081462860107
47e205ea277bdb0ee2fe0469,19.97725367546081
333b9d9cdbd2d6ba4989edfe,47.26587831974029
84fec9e27acc86c1fe9a87d8,17.91408509016037
04cdc1de82c87da473ccff03,75.82663893699646
3926d92365032a7760bf38be,67.74479150772095
cff2cf53b3fb694c111857c6,49.38263297080993
0e280d7a87413e88fd11ba30,11.289724707603451
2b637d619f74bc65068e3251,86.86906099319458
b08400358e9f67fa82e463c6,83.94922018051147
821bdd5e3059e35ac4f119cc,10.682841390371319
1ad219936854e9c8ac853596,11.10789999365806
0e33726d21adf899d1b33281,13.16071599721908
b737ce219901378406b8f04c,10.82773208618164
e0599eb8de8284d7fdbb780e,87.11923360824585
0dee2ee3cfd7f874cc1af7ee,87.77403831481934
9e5f85dd9d50a7f72b40e559,10.68553999066352
9a6f43541751ed2125bcf28b,13.129337131977081
4b0b31fc852334a52721741c,11.0065720975399
920aaf8a022adecf81f4bf9f,10.9072521328926
f6873d261d07be17027c1058,11.0656090080738
9bf83d250e777108833c35d9,52.638089656829834
da935ae16625f5c42975f4b6,58.30714702606201
9090c6e0ea12242dcecbc5ff,85.83288788795471
8b96430c857845d32a6f73c6,19.57646012306213
8f536b9de0255512a0b16a72,13.9785423874855
a45adbee4858116d6379a752,10.74854806065559
6c8d1ebdb08bad6e490ee4be,87.21327781677246
5c8e5f2f8d88eb5310f9e3ee,10.81512346863746
dacbd26ae78fedb7509ec45c,11.454931646585461
ea8fb73aa4090caec33e12bf,16.271114349365227
b9c20c598a34572cbbf36514,13.516338169574729
9f3266725042f0937cedb043,76.83635354042053
0bcfe29cc1da37be9ec626e5,48.27626943588257
ebcd50c0fc9132cbea552726,69.03100609779358
07fcfdabf2d8eb998b772976,69.02310252189636
5ad4f6c5d7f105fb7ac79aea,12.31138184666633
fa2d9da3b75aa83b63c12810,36.29278838634491
5167733d548cb150d91bb19b,11.02324426174163
7a61a7c58f66e8e383493988,11.04781106114387
59020fec3a757558d966928e,26.48811638355255
b8e2ad3bf5eec63a905f63cf,10.978905111551281
08e5f935890e02c55c4bc3b4,53.88340950012207
ab2e60f3dace09d6c287b65f,14.97900635004043
1b23a6a36de042ae78822f15,87.2763454914093
39bbb456447d4e07f7846db3,31.02114200592041
82a8e105ad05b17062b5fe98,37.8516137599945
69a4d666e213c37864ade5a4,11.84390261769294
64161e153c802c5bc5382e0b,11.48573607206344
27b4a94d7cbe25aa20a5d042,39.90985751152038
79d28830599ac1b2244352b4,14.23119306564331
9dcddc8eec4daff504042b7d,10.61729788780212
7a4475a954763f22c8468130,66.19874238967896
6f3369b3260bbc66fc733f22,37.74003386497497
5456da9cbe097a93dc920e1a,70.9239661693573
51b0cc93001a7a623c7b0fcb,11.09279319643974
a90756718f36f0f5eca12843,85.97938418388367
9ddb5a1c48c0c76fff350b3b,18.09328496456146
ad27e93c732a3205db79925f,11.6853043437004
f3639e4ca2ce41c27a06c58e,85.7645571231842
feb4940aa2ac65e3d97d04f9,25.46576559543609
6221dc34f0cd172c77ebe657,86.64463758468628
39fb133aafe97653f41b582e,12.885843217372889
066d7a66487bbe4007641b91,10.9351061284542
c7f771f0becc601052fbb639,86.45281195640564
14fcc6d526036324d19008ba,23.79543334245681
7b3dee87bc804b91fa46d671,10.6275700032711
eaf8d2e340802f31ecc38c95,11.70531585812568
690e9b3e8a444d31a507d784,12.562978267669669
2293c4a3485f7eb98ec35b2e,87.32057213783264
51d8a3ce4c42fe0981f216e8,87.1051549911499
d0d91bc90d8664302748dd44,29.55707609653473
34133fb60133a4a80be49522,86.39684319496155
d103eb3bd1a0b2f639271bad,72.46909737586975
dd5d001a89108b84935608e5,51.437634229660034
e6a56bf28beb940ada69b03b,79.46550250053406
9fcf9b371410bedd0a9a82c2,47.387760877609246
5ffae5879de704c1f48f1e99,19.17866617441177
bc902cdc19cbf99688a44d94,77.65854597091675
f78ed44cfc32505dd3b9bdc3,51.61648392677307
2d33e1c846c9f65151cb57a1,86.71405911445618
4d1a9a57e32c5fa119b68e14,87.347811460495
683dda06b54ddd49b1bd13c9,10.739383101463309
997cf23106fa27d51e6148e0,17.55939275026321
ac8de59bc4c5950252a5cec4,13.407504558563229
e55461a2a74bde68dcea496b,10.76832264661789
a16a5de650541d7d20572fdf,10.6286346912384
7ab03305d837029f31d6092e,10.69973558187484
a9ceb70a94766d89d96cd057,11.71014234423637
2202822bf10f1c9457aa0c65,86.55834197998047
26479b3817b446cf2b18cb3b,19.19591277837753
69d8121827603daa9f8330aa,10.96656396985054
c4c25c1e8f3c9891384a3ed8,30.482742190361016
63cd1d7ac4268fc48af7beb5,48.44469726085663
e802988eda7e95fca4fd9d6b,87.10486888885498
f23988135b1da28575d28e88,45.23195624351501
fda4996a5f80073999c613aa,85.77133417129517
14d44106cf0929ed29e7570b,85.78085899353027
b5fede65f9bd611cd0b33195,87.42367625236511
50c73cdb3b55ddbb14a6c398,10.96162945032119
6481e8b1a95ce5637fe8c6eb,87.09984421730042
8da35a7ddf1a4b45f9311214,86.4877462387085
d8e2a5f3af6ceb2d3ef79993,58.58457684516907
bd77c6856904114cd539cc06,83.98959636688232
4e7f2f9d5b6923a14aec58fa,87.27208971977234
78e3964bccd8f2a2a89105f2,10.70523113012313
0148983479ac80f081f9550d,14.165130257606501
4f4b843728acd702f9d7d65f,11.32631748914718
1f3f74601ad1e6311673c94e,14.264091849327079
7c6c78a721404e3e7ffef25e,69.87030506134033
b463a0c0fe192f90a06bd733,11.246847361326209
40d7e4ee08f7b8e630d023d5,30.016526579856873
724ddee5e1ac6e88db81142b,10.70173606276512
bd3b5d8dd50f356f4a273213,47.70856201648712
3f4110e5e5177c3c4da5ccc8,11.03652715682983
2b041fa3ae9fc01fdae9a13a,11.412085592746731
33b3320798bbed60b66cbf4e,87.46827244758606
20d9270a56b06ae0a36116f4,18.77965331077575
1f11527688c4749522271e32,11.79795190691948
8d38c3e46583aca598c4b740,39.02457952499389
88d81cd546bdc982964755b9,86.7166519165039
930a2797aae24e89c402430a,12.08490878343582
8e7c75ca308dfb4194b4910e,87.36414909362793
6f450d11abd1a47f51393da8,14.23263549804687
5632e2630e7c78c12ccdd25b,13.64623606204986
baacfdec06fcfed3c9bbd73a,86.69401407241821
bb6c71cf2c47944c9acbf08a,30.10833859443664
5b15cd029fe6b0052bc8a6b6,11.77176386117935
ca82e7d785b5a07021b8f9df,87.32190728187561
0859c6e51b2407ef4feca76e,87.63289451599121
4c4bbead2410e3cb0cd484c0,14.599496126174921
ab84cf4e9698e09ebc775d75,29.09631431102752
2838a2eedb0f6ebe27af31d4,11.02880612015724
04b51d3f68bffbbf1bd181a3,11.7541067302227
68d9342df31c9ace7498f453,87.03084588050842
757793bd16610679a0577f16,10.89010089635849
741335493b2d3f5715699900,80.69359064102173
e08f8f94bb4731015891cf4d,31.43488466739654
ab6b2d914a6474439c48543f,63.95259499549866
4a833d3214d28e112a7c125e,13.07028234004974
c7a93a866710574a09e826ae,12.10908442735672
860e58e6b28ac6c5aee13ae4,69.59595680236816
7e76b4c8bda331fd0813de1a,11.08503565192222
95e95f70195ae8f760341981,42.19065308570862
bfd48b7595816d068a33d4bf,87.58620023727417
6117ec86e3ec8a7df07f8c67,18.22412759065628
d380046364d2a78c426946f6,11.101902276277539
743e0e61a4b31c338a1bde76,11.337564885616299
682a83eccbccb1a1200116cf,49.326473474502556
ea42e786218ee31a28584b97,10.84174290299415
e03a7e850a60dc4f5ad98421,11.38818860054016
c89933ecf1a96dc5989b92ec,35.05830466747284
fcb332c8b8c21c44d4f346f8,10.8745589852333
7522bcb1411332d77bc188e2,80.99143505096436
b9d8e2c89a28a3df10800277,87.27233409881592
bfaa3db92054083ba808ba6c,47.99597561359405
a207c2e8254a7046a940c11c,36.17778718471527
562ea599d0b3e8ae191f741d,16.48419499397277
fa4d97b1907ce90407ee87b9,13.150781393051139
ec5ca82654a252fd1c673531,81.08329176902771
6fd06b828c785b77e19dfdcb,24.66986924409866
5965000d1139d388ebcded80,55.09570837020874
